CMTE_ID,Leadership Pacs,Sponsor Name,PAC Name,Committee Designation,AMNDT_IND,RPT_TP,TRANSACTION_PGI,IMAGE_NUM,TRANSACTION_TP,ENTITY_TP,NAME,CITY,STATE,ZIP_CODE,EMPLOYER,OCCUPATION,TRANSACTION_DT,TRANSACTION_AMT,OTHER_ID,CAND_ID,Candidate Name,TRAN_ID,FILE_NUM,MEMO_CD,MEMO_TEXT,SUB_ID
C00826685,A LOVE SUPREME PAC,"FROST, MAXWELL",A LOVE SUPREME PAC,D,N,M6,P2026,2.02606E+17,24K,CCM,SAM FOR MONTANA,MISSOULA,MT,598077224,,,5282026,2000,C00932822,H6MT01137,"FORSTAG, SAMUEL KELLEY",500481576,1985884,,,4.07132E+18
C00531764,A NEW NATION PAC,"WAGNER, ANN L.",A NEW NATION PAC,D,N,Q2,G2026,2.02607E+17,24K,CCM,FLINT FOR MONTANA,KALISPELL,MT,599012142,,,6242026,1000,C00941575,H6MT01152,"FLINT, AARON",B55F1CE5A34AE4A8C9E3,1994339,,,4.07282E+18
C00531764,A NEW NATION PAC,"WAGNER, ANN L.",A NEW NATION PAC,D,N,Q1,P2026,2.02504E+17,24K,CCM,TROY DOWNING FOR CONGRESS,HELENA,MT,59624,,,3202025,2500,C00855288,H4MT02098,"DOWNING, TROY",BA7DBF90348B94C8CB03,1886946,,,4.04172E+18
C00631051,ABRAHAM LINCOLN PAC,"LAHOOD, DARIN MCKAY",ABRAHAM LINCOLN PAC,D,N,M6,P2026,2.02606E+17,24K,CCM,FLINT FOR MONTANA,KALISPELL,MT,599012142,,,5202026,2500,C00941575,H6MT01152,"FLINT, AARON",BBD088DCCBA5948A294E,1984448,,,4.07122E+18
C00821058,ALABAMA FIRST PAC,"BRITT, KATIE BOYD",ALABAMA FIRST PAC,D,N,Q1,G2026,2.02604E+17,24K,CCM,ALME FOR SENATE,ALEXANDRIA,VA,22314,,,3112026,5000,C00942060,S6MT00295,"ALME, KURT",B916DE127EEF14F9AA0A,1963653,,,4.05112E+18
C00821058,ALABAMA FIRST PAC,"BRITT, KATIE BOYD",ALABAMA FIRST PAC,D,N,Q1,P2026,2.02604E+17,24K,CCM,ALME FOR SENATE,ALEXANDRIA,VA,22314,,,3112026,5000,C00942060,S6MT00295,"ALME, KURT",BD498106FA6FE4B3FBC1,1963653,,,4.05112E+18
C00387464,ALAMO PAC,"CORNYN, JOHN",ALAMO PAC,D,N,Q1,P2026,2.02604E+17,24K,CCM,ALME FOR SENATE,WASHINGTON,DC,20003,,,3162026,5000,C00942060,S6MT00295,"ALME, KURT",SB23.2,1962465,,,4.04222E+18
C00832501,AMERICAN EXCELLENCE PAC,"RICKETTS, PETE",AMERICAN EXCELLENCE PAC,D,N,Q1,G2026,2.02604E+17,24K,CCM,ALME FOR SENATE,ALEXANDRIA,VA,22314,,,3132026,5000,C00942060,S6MT00295,"ALME, KURT",B091BA2B1DA9C4EA8A10,1966617,,,4.04302E+18
C00832501,AMERICAN EXCELLENCE PAC,"RICKETTS, PETE",AMERICAN EXCELLENCE PAC,D,N,Q1,P2026,2.02604E+17,24K,CCM,ALME FOR SENATE,ALEXANDRIA,VA,22314,,,3132026,5000,C00942060,S6MT00295,"ALME, KURT",B6DABF180036546C5864,1966617,,,4.04302E+18
C00883413,AMERICA'S MOUNTAIN PAC,"CRANK, JEFF",AMERICA'S MOUNTAIN PAC,D,N,MY,P2026,2.02507E+17,24K,CCM,TROY DOWNING FOR CONGRESS,BILLINGS,MT,59104,,,6262025,3500,C00855288,H4MT02098,"DOWNING, TROY",SB23.1071415,1909257,,,4.08122E+18
C00883413,AMERICA'S MOUNTAIN PAC,"CRANK, JEFF",AMERICA'S MOUNTAIN PAC,D,N,M7,G2026,2.02607E+17,24K,CCM,TROY DOWNING FOR CONGRESS,BILLINGS,MT,59104,,,6032026,5000,C00855288,H4MT02098,"DOWNING, TROY",SB23.1150853,1999958,,,4.08012E+18
C00413948,ARKANSAS FOR LEADERSHIP POLITICAL ACTION COMMITTEE (ARKPAC),"BOOZMAN, SEN. JOHN",ARKANSAS FOR LEADERSHIP POLITICAL ACTION COMMITTEE (ARKPAC),D,N,Q1,P2026,2.02604E+17,24K,CCM,ALME FOR SENATE,ALEXANDRIA,VA,22314,,,3232026,5000,C00942060,S6MT00295,"ALME, KURT",SB23.13692,1961622,,,4.04192E+18
C00413948,ARKANSAS FOR LEADERSHIP POLITICAL ACTION COMMITTEE (ARKPAC),"BOOZMAN, SEN. JOHN",ARKANSAS FOR LEADERSHIP POLITICAL ACTION COMMITTEE (ARKPAC),D,N,Q1,G2026,2.02604E+17,24K,CCM,ALME FOR SENATE,ALEXANDRIA,VA,22314,,,3232026,5000,C00942060,S6MT00295,"ALME, KURT",SB23.13728,1961622,,,4.04192E+18
C00820787,B BRIGADE MAJORITY FUND,"BARRETT, THOMAS MORE",B BRIGADE MAJORITY FUND,D,N,MY,P2026,2.02507E+17,24K,CCM,TROY DOWNING FOR CONGRESS,BILLINGS,MT,591040333,,,6272025,1000,C00855288,H4MT02098,"DOWNING, TROY",BCFB6AAEB3C8F4CAFB31,1909635,,,4.08132E+18
C00820787,B BRIGADE MAJORITY FUND,"BARRETT, THOMAS MORE",B BRIGADE MAJORITY FUND,D,N,Q1,P2026,2.02604E+17,24K,CCM,TROY DOWNING FOR CONGRESS,BILLINGS,MT,591040333,,,3302026,3500,C00855288,H4MT02098,"DOWNING, TROY",B54FD93C91D6F4D9FAA0,1963952,,,4.05062E+18
C00543207,BADLANDS PAC,0,BADLANDS PAC,D,N,Q1,P2026,2.02604E+17,24K,CCM,ALME FOR SENATE,ALEXANDRIA,VA,22314,,,3262026,1500,C00942060,S6MT00295,"ALME, KURT",SB23.I28590,1965955,,,4.04302E+18
C00931006,BALANCE AND ACCOUNTABILITY PAC (BAC PAC),"SNEED, ANDREW RANKIN GUYTON",BALANCE AND ACCOUNTABILITY PAC (BAC PAC),D,N,YE,P2026,2.02601E+17,24K,CCM,CLEVELAND FOR CONGRESS,SAINT REGIS,MT,59866,,,12312025,250,C00902395,H6MT01103,"CLEVELAND, RUSSELL TYLER",SB23.4106,1941618,,,4.02262E+18
C00931006,BALANCE AND ACCOUNTABILITY PAC (BAC PAC),"SNEED, ANDREW RANKIN GUYTON",BALANCE AND ACCOUNTABILITY PAC (BAC PAC),D,N,Q1,P2026,2.02604E+17,24K,CCM,CLEVELAND FOR CONGRESS,SAINT REGIS,MT,59866,,,3312026,-250,C00902395,H6MT01103,"CLEVELAND, RUSSELL TYLER",SA16.4108,1964748,,,4.04242E+18
C00762930,BE VICTORIOUS OVER DEMOCRATS PAC,0,BE VICTORIOUS OVER DEMOCRATS PAC,D,N,M6,P2026,2.02606E+17,24K,CCM,FLINT FOR MONTANA,KALISPELL,MT,59901,,,5182026,5000,C00941575,H6MT01152,"FLINT, AARON",SB23.2010,1985266,,,4.07132E+18
C00863373,BEST AT BRINGING ENTREPRENEURIAL RESULTS NEVER IMAGINED OR ENVISIONED PAC,"MORENO, BERNIE",BEST AT BRINGING ENTREPRENEURIAL RESULTS NEVER IMAGINED OR ENVISIONED PAC,D,N,M4,G2026,2.02604E+17,24K,CCM,ALME FOR SENATE,ALEXANDRIA,VA,22314,,,3092026,5000,C00942060,S6MT00295,"ALME, KURT",SB23.I7270,1969228,,,4.06022E+18
C00863373,BEST AT BRINGING ENTREPRENEURIAL RESULTS NEVER IMAGINED OR ENVISIONED PAC,"MORENO, BERNIE",BEST AT BRINGING ENTREPRENEURIAL RESULTS NEVER IMAGINED OR ENVISIONED PAC,D,N,M4,P2026,2.02604E+17,24K,CCM,ALME FOR SENATE,ALEXANDRIA,VA,22314,,,3092026,5000,C00942060,S6MT00295,"ALME, KURT",SB23.I7269,1969228,,,4.06022E+18
C00786392,BEYOND THOUGHTS AND PRAYERS PAC,"AUCHINCLOSS, JAKE",BEYOND THOUGHTS AND PRAYERS PAC,D,N,M7,G2026,2.02607E+17,24K,CCM,SAM FOR MONTANA,MISSOULA,MT,598077224,,,6042026,1000,C00932822,H6MT01137,"FORSTAG, SAMUEL KELLEY",500824342,1998623,,,4.07282E+18
C00786392,BEYOND THOUGHTS AND PRAYERS PAC,"AUCHINCLOSS, JAKE",BEYOND THOUGHTS AND PRAYERS PAC,D,N,M6,P2026,2.02606E+17,24K,CCM,SAM FOR MONTANA,MISSOULA,MT,598077224,,,5052026,1000,C00932822,H6MT01137,"FORSTAG, SAMUEL KELLEY",500818347,1983014,,,4.06292E+18
C00765644,BIG IDEAS CREATE EXCELLENCE PAC,0,BIG IDEAS CREATE EXCELLENCE PAC,D,N,M6,P2026,2.02606E+17,24K,CCM,FLINT FOR MONTANA,KALISPELL,MT,599012142,,,5182026,2000,C00941575,H6MT01152,"FLINT, AARON",B2B4730C83E86463D881,1982686,,,4.06292E+18
C00765644,BIG IDEAS CREATE EXCELLENCE PAC,0,BIG IDEAS CREATE EXCELLENCE PAC,D,N,M2,P2026,2.02502E+17,24K,CCM,TROY DOWNING FOR CONGRESS,BILLINGS,MT,591040333,,,1112025,1000,C00855288,H4MT02098,"DOWNING, TROY",B73517D0A16974FEF85B,1875748,,,4.02132E+18
C00542027,BIG SKY OPPORTUNITY PAC,0,BIG SKY OPPORTUNITY PAC,D,N,M4,G2026,2.02604E+17,24K,CCM,ALME FOR SENATE,ALEXANDRIA,VA,22314,,,3292026,5000,C00942060,S6MT00295,"ALME, KURT",SB23.I42935,1970269,,,4.05282E+18
C00542027,BIG SKY OPPORTUNITY PAC,0,BIG SKY OPPORTUNITY PAC,D,N,M4,P2026,2.02604E+17,24K,CCM,ALME FOR SENATE,ALEXANDRIA,VA,22314,,,3292026,5000,C00942060,S6MT00295,"ALME, KURT",SB23.I42936,1970269,,,4.05282E+18
C00542027,BIG SKY OPPORTUNITY PAC,0,BIG SKY OPPORTUNITY PAC,D,N,M4,P2026,2.02604E+17,24K,CCM,FLINT FOR MONTANA,KALISPELL,MT,59901,,,3292026,5000,C00941575,H6MT01152,"FLINT, AARON",SB23.I42941,1970269,,,4.05282E+18
C00542027,BIG SKY OPPORTUNITY PAC,0,BIG SKY OPPORTUNITY PAC,D,N,M4,G2026,2.02604E+17,24K,CCM,FLINT FOR MONTANA,KALISPELL,MT,59901,,,3292026,5000,C00941575,H6MT01152,"FLINT, AARON",SB23.I42942,1970269,,,4.05282E+18
C00542027,BIG SKY OPPORTUNITY PAC,0,BIG SKY OPPORTUNITY PAC,D,N,M10,P2026,2.0251E+17,24K,CCM,TROY DOWNING FOR CONGRESS,BILLINGS,MT,59104,,,9042025,5000,C00855288,H4MT02098,"DOWNING, TROY",SB23.I42335,1922967,,,4.01082E+18
C00542027,BIG SKY OPPORTUNITY PAC,0,BIG SKY OPPORTUNITY PAC,D,N,M4,G2026,2.02604E+17,24K,CCM,TROY DOWNING FOR CONGRESS,BILLINGS,MT,59104,,,3312026,5000,C00855288,H4MT02098,"DOWNING, TROY",SB23.I42946,1970269,,,4.05282E+18
C00529693,BLUE MAJORITY PAC,"POCAN, MARK",BLUE MAJORITY PAC,D,N,Q2,P2026,2.02607E+17,24K,CCM,SAM FOR MONTANA,MISSOULA,MT,598077224,,,5262026,2000,C00932822,H6MT01137,"FORSTAG, SAMUEL KELLEY",500597293,1995739,,,4.07262E+18
C00483487,BRINGING REPUBLICAN EXCELLENCE TO TOWN PAC,"GUTHRIE, S. BRETT",BRINGING REPUBLICAN EXCELLENCE TO TOWN PAC,D,N,12P,P2026,2.02605E+17,24K,CCM,FLINT FOR MONTANA,KALISPELL,MT,59901,,,4242026,2500,C00941575,H6MT01152,"FLINT, AARON",B-74226,1973274,,,4.06032E+18
C00483487,BRINGING REPUBLICAN EXCELLENCE TO TOWN PAC,"GUTHRIE, S. BRETT",BRINGING REPUBLICAN EXCELLENCE TO TOWN PAC,D,N,Q2,P2026,2.02607E+17,24K,CCM,FLINT FOR MONTANA,KALISPELL,MT,59901,,,5052026,2000,C00941575,H6MT01152,"FLINT, AARON",B-74296,1997084,,,4.07232E+18
C00693796,BUCKEYE LIBERTY POLITICAL ACTION COMMITTEE,0,BUCKEYE LIBERTY POLITICAL ACTION COMMITTEE,D,N,Q1,P2026,2.02604E+17,24K,CCM,FLINT FOR MONTANA,KALISPELL,MT,599012142,,,3262026,5000,C00941575,H6MT01152,"FLINT, AARON",B05F94DED8EE849D99C8,1960109,,,4.04142E+18
C00629576,BUILD OUR MOVEMENT PAC,"JAYAPAL, PRAMILA",BUILD OUR MOVEMENT PAC,D,N,M7,G2026,2.02607E+17,24K,CCM,SAM FOR MONTANA,MISSOULA,MT,598077224,,,6182026,5000,C00932822,H6MT01137,"FORSTAG, SAMUEL KELLEY",500566436,1999968,,,4.08012E+18
C00832469,BUILDING A NATIONAL KNOWLEDGEABLE SECURITY PAC,0,BUILDING A NATIONAL KNOWLEDGEABLE SECURITY PAC,D,N,M7,P2026,2.02607E+17,24K,CCM,ALME FOR SENATE,ALEXANDRIA,VA,22314,,,6022026,5000,C00942060,S6MT00295,"ALME, KURT",B0E57B76BAC3F45ED982,2000379,,,4.07302E+18
C00572271,BUILDING AMERICA'S REPUBLICAN REPRESENTATION PAC,0,BUILDING AMERICA'S REPUBLICAN REPRESENTATION PAC,D,A,M7,G2026,2.02607E+17,24K,CCM,FLINT FOR MONTANA,KALISPELL,MT,599012142,,,6262026,2000,C00941575,H6MT01152,"FLINT, AARON",B4BE492E3807D4237BA8,2001209,,,4.08142E+18
C00834507,BUILDING UP DEMOCRACY'S DREAM,0,BUILDING UP DEMOCRACY'S DREAM,D,N,Q1,P2026,2.02604E+17,24K,CCM,ALME FOR SENATE,ALEXANDRIA,VA,22314,,,3122026,5000,C00942060,S6MT00295,"ALME, KURT",B2108478AE29C4F06822,1964937,,,4.05072E+18
C00834507,BUILDING UP DEMOCRACY'S DREAM,0,BUILDING UP DEMOCRACY'S DREAM,D,N,Q2,G2026,2.02607E+17,24K,CCM,ALME FOR SENATE,ALEXANDRIA,VA,22314,,,6042026,5000,C00942060,S6MT00295,"ALME, KURT",B14BF76B8FED543E2B59,1989576,,,4.07162E+18
C00818740,CALL TO SERVICE PAC,"NUNN, ZACH",CALL TO SERVICE PAC,D,N,M4,P2026,2.02604E+17,24K,CCM,TROY DOWNING FOR CONGRESS,BILLINGS,MT,59104,,,3162026,2500,C00855288,H4MT02098,"DOWNING, TROY",SB23.1126707,1969841,,,4.05292E+18
C00827881,CIRCLE THE WAGONS PAC,"LANGWORTHY, NICK",CIRCLE THE WAGONS PAC,D,N,M7,G2026,2.02607E+17,24K,CCM,FLINT FOR MONTANA,KALISPELL,MT,599012142,,,6292026,2000,C00941575,H6MT01152,"FLINT, AARON",B6ACC4AECA6714B079C4,1995057,,,4.07262E+18
C00669929,COMMON GOOD PAC,0,COMMON GOOD PAC,D,N,M4,P2026,2.02604E+17,24K,CCM,SAM FOR MONTANA,MISSOULA,MT,59807,,,3312026,2000,C00932822,H6MT01137,"FORSTAG, SAMUEL KELLEY",SB23.4609,1969887,,,4.05292E+18
C00442368,COMMON VALUES PAC,"BARRASSO, JOHN",COMMON VALUES PAC,D,N,Q1,P2026,2.02604E+17,24K,CCM,ALME FOR SENATE,ALEXANDRIA,VA,22314,,,3132026,5000,C00942060,S6MT00295,"ALME, KURT",SB23.14974,1963216,,,4.04302E+18
C00442368,COMMON VALUES PAC,"BARRASSO, JOHN",COMMON VALUES PAC,D,N,Q1,G2026,2.02604E+17,24K,CCM,ALME FOR SENATE,ALEXANDRIA,VA,22314,,,3132026,5000,C00942060,S6MT00295,"ALME, KURT",SB23.14976,1963216,,,4.04302E+18
C00404392,CONSERVATIVE OPPORTUNITY LEADERSHIP AND ENTERPRISE PAC,0,CONSERVATIVE OPPORTUNITY LEADERSHIP AND ENTERPRISE PAC,D,N,Q2,P2026,2.02607E+17,24K,CCM,FLINT FOR MONTANA,KALISPELL,MT,59901,,,4032026,5000,C00941575,H6MT01152,"FLINT, AARON",SB23.13638,1991851,,,4.07222E+18
C00404392,CONSERVATIVE OPPORTUNITY LEADERSHIP AND ENTERPRISE PAC,0,CONSERVATIVE OPPORTUNITY LEADERSHIP AND ENTERPRISE PAC,D,N,Q2,G2026,2.02607E+17,24K,CCM,FLINT FOR MONTANA,KALISPELL,MT,59901,,,5302026,5000,C00941575,H6MT01152,"FLINT, AARON",SB23.13595,1991851,,,4.07222E+18
C00678813,CONSERVATIVES HARVESTING SUCCESS PAC,"HYDE-SMITH, CINDY",CONSERVATIVES HARVESTING SUCCESS PAC,D,N,M6,G2026,2.02606E+17,24K,CCM,ALME FOR SENATE,ALEXANDRIA,VA,22314,,,5182026,5000,C00942060,S6MT00295,"ALME, KURT",SB23.2005,1985268,,,4.07132E+18
C00678813,CONSERVATIVES HARVESTING SUCCESS PAC,"HYDE-SMITH, CINDY",CONSERVATIVES HARVESTING SUCCESS PAC,D,N,M4,P2026,2.02604E+17,24K,CCM,ALME FOR SENATE,ALEXANDRIA,VA,22314,,,3262026,5000,C00942060,S6MT00295,"ALME, KURT",SB23.2006,1968387,,,4.05272E+18
C00525592,COOL PAC,"WEBSTER, DANIEL",COOL PAC,D,N,Q1,P2026,2.02604E+17,24K,CCM,FLINT FOR MONTANA,KALISPELL,MT,599012142,,,3252026,2000,C00941575,H6MT01152,"FLINT, AARON",BB56060D82F8F4406BC2,1957940,,,4.04062E+18
C00692202,COURAGE TO CHANGE,"OCASIO-CORTEZ, ALEXANDRIA",COURAGE TO CHANGE,D,N,M6,P2026,2.02606E+17,24K,CCM,SAM FOR MONTANA,MISSOULA,MT,598077224,,,5142026,5000,C00932822,H6MT01137,"FORSTAG, SAMUEL KELLEY",500655694,1984643,,,4.07102E+18
C00493072,DAKOTA PAC,"HOEVEN, JOHN",DAKOTA PAC,D,N,M7,G2026,2.02607E+17,24K,CCM,ALME FOR SENATE,ALEXANDRIA,VA,22314,,,6052026,5000,C00942060,S6MT00295,"ALME, KURT",SB.3,1999627,,,4.08122E+18
C00632323,DEFEND OUR CONSERVATIVE SENATE PAC (DOC'S PAC),0,DEFEND OUR CONSERVATIVE SENATE PAC (DOC'S PAC),D,N,Q2,P2026,2.02607E+17,24K,CCM,ALME FOR SENATE,ALEXANDRIA,VA,22314,,,5282026,5000,C00942060,S6MT00295,"ALME, KURT",SB23.I29693,1996003,,,4.07252E+18
C00632323,DEFEND OUR CONSERVATIVE SENATE PAC (DOC'S PAC),0,DEFEND OUR CONSERVATIVE SENATE PAC (DOC'S PAC),D,N,Q2,G2026,2.02607E+17,24K,CCM,ALME FOR SENATE,ALEXANDRIA,VA,22314,,,5282026,5000,C00942060,S6MT00295,"ALME, KURT",SB23.I29694,1996003,,,4.07252E+18
C00822833,DEFENDING THE AMERICAN DREAM PAC,0,DEFENDING THE AMERICAN DREAM PAC,D,N,M6,P2026,2.02606E+17,24K,CCM,FLINT FOR MONTANA,KALISPELL,MT,599012142,,,5212026,3000,C00941575,H6MT01152,"FLINT, AARON",B8F61716CD84A46FA9B3,1981372,,,4.06232E+18
C00664318,DEMOCRACY SUMMER LEADERSHIP PAC,"RASKIN, JAMIE",DEMOCRACY SUMMER LEADERSHIP PAC,D,N,M6,P2026,2.02606E+17,24K,CCM,SAM FOR MONTANA,MISSOULA,MT,598077224,,,5122026,3000,C00932822,H6MT01137,"FORSTAG, SAMUEL KELLEY",500477090,1984711,,,4.07102E+18
C00664318,DEMOCRACY SUMMER LEADERSHIP PAC,"RASKIN, JAMIE",DEMOCRACY SUMMER LEADERSHIP PAC,D,N,M4,P2026,2.02604E+17,24K,CCM,SAM FOR MONTANA,MISSOULA,MT,598077224,,,3112026,2000,C00932822,H6MT01137,"FORSTAG, SAMUEL KELLEY",500471526,1970077,,,4.05292E+18
C00592089,ELECTING MAJORITY MAKING EFFECTIVE REPUBLICANS PAC,0,ELECTING MAJORITY MAKING EFFECTIVE REPUBLICANS PAC,D,N,M4,P2026,2.02604E+17,24K,CCM,ALME FOR SENATE,ALEXANDRIA,VA,22314,,,3122026,5000,C00942060,S6MT00295,"ALME, KURT",SB23.I80562,1969976,,,4.05292E+18
C00592089,ELECTING MAJORITY MAKING EFFECTIVE REPUBLICANS PAC,0,ELECTING MAJORITY MAKING EFFECTIVE REPUBLICANS PAC,D,N,M4,G2026,2.02604E+17,24K,CCM,ALME FOR SENATE,ALEXANDRIA,VA,22314,,,3122026,5000,C00942060,S6MT00295,"ALME, KURT",SB23.I80563,1969976,,,4.05292E+18
C00592089,ELECTING MAJORITY MAKING EFFECTIVE REPUBLICANS PAC,0,ELECTING MAJORITY MAKING EFFECTIVE REPUBLICANS PAC,D,N,M4,P2026,2.02604E+17,24K,CCM,FLINT FOR MONTANA,KALISPELL,MT,59901,,,3172026,5000,C00941575,H6MT01152,"FLINT, AARON",SB23.I80642,1969976,,,4.05292E+18
C00592089,ELECTING MAJORITY MAKING EFFECTIVE REPUBLICANS PAC,0,ELECTING MAJORITY MAKING EFFECTIVE REPUBLICANS PAC,D,N,M7,P2026,2.02607E+17,24K,CCM,TROY DOWNING FOR CONGRESS,HELENA,MT,59624,,,6012026,5000,C00855288,H4MT02098,"DOWNING, TROY",SB23.I81314,2000308,,,4.07312E+18
C00390161,EUREKA POLITICAL ACTION COMMITTEE,0,EUREKA POLITICAL ACTION COMMITTEE,D,N,M4,P2026,2.02604E+17,24K,CCM,FLINT FOR MONTANA,KALISPELL,MT,59901,,,3242026,2500,C00941575,H6MT01152,"FLINT, AARON",SB23.9504,1969644,,,4.06022E+18
C00390161,EUREKA POLITICAL ACTION COMMITTEE,0,EUREKA POLITICAL ACTION COMMITTEE,D,N,M7,P2026,2.02607E+17,24K,CCM,FLINT FOR MONTANA,KALISPELL,MT,59901,,,6022026,2500,C00941575,H6MT01152,"FLINT, AARON",SB23.9648,2000071,,,4.08012E+18
C00390161,EUREKA POLITICAL ACTION COMMITTEE,0,EUREKA POLITICAL ACTION COMMITTEE,D,N,M7,G2026,2.02607E+17,24K,CCM,FLINT FOR MONTANA,KALISPELL,MT,59901,,,6022026,2500,C00941575,H6MT01152,"FLINT, AARON",SB23.9649,2000071,,,4.08012E+18
C00390161,EUREKA POLITICAL ACTION COMMITTEE,0,EUREKA POLITICAL ACTION COMMITTEE,D,N,MY,P2026,2.02507E+17,24K,CCM,TROY DOWNING FOR CONGRESS,BILLINGS,MT,59104,,,6302025,1000,C00855288,H4MT02098,"DOWNING, TROY",SB23.8120,1908847,,,4.08072E+18
C00574970,FAIR SHOT PAC,"CLARK, KATHERINE",FAIR SHOT PAC,D,N,M7,G2026,2.02607E+17,24K,CCM,SAM FOR MONTANA,MISSOULA,MT,598077224,,,6292026,5000,C00932822,H6MT01137,"FORSTAG, SAMUEL KELLEY",500310816,1999941,,,4.08032E+18
C00762328,FIGHT ON PAC,"ARENHOLZ, ASHLEY HINSON",FIGHT ON PAC,D,N,M4,P2026,2.02604E+17,24K,CCM,ALME FOR SENATE,HELENA,MT,59601,,,3122026,5000,C00942060,S8MT00295,#N/A,SB23.2007,1968530,,,4.05262E+18
C00762328,FIGHT ON PAC,"ARENHOLZ, ASHLEY HINSON",FIGHT ON PAC,D,N,M4,G2026,2.02604E+17,24K,CCM,ALME FOR SENATE,HELENA,MT,59601,,,3122026,5000,C00942060,S8MT00295,#N/A,SB23.2008,1968530,,,4.05262E+18
C00912543,FIGHT PAC,"WARREN, ELIZABETH",FIGHT PAC,D,N,M7,G2026,2.02607E+17,24K,CCM,SAM FOR MONTANA,MISSOULA,MT,598077224,,,6302026,3500,C00932822,H6MT01137,"FORSTAG, SAMUEL KELLEY",500140399,1998317,,,4.07282E+18
C00540146,FIRST IN FREEDOM PAC,0,FIRST IN FREEDOM PAC,D,N,M5,P2026,2.02605E+17,24K,CCM,FLINT FOR MONTANA,KALISPELL,MT,599012142,,,4272026,5000,C00941575,H6MT01152,"FLINT, AARON",B6E69875087C24CF5A66,1977262,,,4.06172E+18
C00898734,FLORIDA FIRST PAC,"PATRONIS, JIMMY",FLORIDA FIRST PAC,D,N,12P,P2026,2.02605E+17,24K,CCM,FLINT FOR MONTANA,KALISPELL,MT,59901,,,5082026,3000,C00941575,H6MT01152,"FLINT, AARON",SB23.I1528,1978307,,,4.06172E+18
C00896092,FLORIDA LEADS,"MOODY, ASHLEY",FLORIDA LEADS,D,N,Q1,P2026,2.02604E+17,24K,CCM,ALME FOR SENATE,ALEXANDRIA,VA,223145404,,,3122026,5000,C00942060,S6MT00295,"ALME, KURT",BD33F1C1E59434776988,1964213,,,4.05082E+18
C00881490,"FOR OUR NATION'S GREATNESS, RESILIENCE, EXCELLENCE, STRENGTH, AND SECURITY (FONGRESS) PAC",0,"FOR OUR NATION'S GREATNESS, RESILIENCE, EXCELLENCE, STRENGTH, AND SECURITY (FONGRESS) PAC",D,N,M6,P2026,2.02606E+17,24K,CCM,FLINT FOR MONTANA,KALISPELL,MT,59901,,,5262026,1000,C00941575,H6MT01152,"FLINT, AARON",SB23.4477,1984367,,,4.07122E+18
C00918763,FOREVER TEXAS PAC,"CAIN, BRISCOE ROWELL III",FOREVER TEXAS PAC,D,N,Q1,P2026,2.02604E+17,24K,CCM,CHRISTI JACOBSEN FOR CONGRESS,HELENA,MT,59624,,,3312026,3500,C00941583,H6MT01160,"JACOBSEN, CHRISTI",SB23.4155,1966668,,,4.04292E+18
C00769695,FREEDOM FORCE PAC,"SALAZAR, MARIA ELVIRA",FREEDOM FORCE PAC,D,N,Q1,G2026,2.02604E+17,24K,CCM,FLINT FOR MONTANA,KALISPELL,MT,59901,,,3252026,3500,C00941575,H6MT01152,"FLINT, AARON",SB23.5071,1960027,,,4.04172E+18
C00769695,FREEDOM FORCE PAC,"SALAZAR, MARIA ELVIRA",FREEDOM FORCE PAC,D,N,Q1,P2026,2.02604E+17,24K,CCM,FLINT FOR MONTANA,KALISPELL,MT,59901,,,3252026,3500,C00941575,H6MT01152,"FLINT, AARON",SB23.5068,1960027,,,4.04172E+18
C00390674,FREEDOM FUND,"CRAPO, MICHAEL",FREEDOM FUND,D,N,M4,P2026,2.02604E+17,24K,CCM,ALME FOR SENATE,ALEXANDRIA,VA,22314,,,3132026,5000,C00942060,S6MT00295,"ALME, KURT",B3F60299A3F64435280A,1970083,,,4.05292E+18
C00390674,FREEDOM FUND,"CRAPO, MICHAEL",FREEDOM FUND,D,N,M4,G2026,2.02604E+17,24K,CCM,ALME FOR SENATE,ALEXANDRIA,VA,22314,,,3132026,5000,C00942060,S6MT00295,"ALME, KURT",B125A93756FC94375A1E,1970083,,,4.05292E+18
C00629311,GRANITE VALUES PAC,"HASSAN, MARGARET",GRANITE VALUES PAC,D,N,M7,P2026,2.02607E+17,24K,CCM,SETH BODNAR FOR MONTANA,MISSOULA,MT,598077188,,,6022026,5000,C00941708,S6MT00287,"BODNAR, SETH",500079850,1999525,,,4.08132E+18
C00923938,GRASSROOTS ORGANIZING FOR BETTER ELECTION RESULTS PAC,"GOBER, CHRIS",GRASSROOTS ORGANIZING FOR BETTER ELECTION RESULTS PAC,D,N,M7,P2026,2.02607E+17,24K,CCM,FLINT FOR MONTANA,KALISPELL,MT,59901,,,6012026,3000,C00941575,H6MT01152,"FLINT, AARON",SB23.10003,1999340,,,4.07302E+18
C00526715,GREATER TOMORROW POLITICAL ACTION COMMITTEE,0,GREATER TOMORROW POLITICAL ACTION COMMITTEE,D,N,M6,P2026,2.02606E+17,24K,CCM,FLINT FOR MONTANA,KALISPELL,MT,59901,,,5152026,2000,C00941575,H6MT01152,"FLINT, AARON",SB23.4812,1984721,,,4.07092E+18
C00881268,GUARDING OUR LASTING DEMOCRACY (GOLD) PAC,"GOLDMAN, CRAIG",GUARDING OUR LASTING DEMOCRACY (GOLD) PAC,D,N,M6,P2026,2.02606E+17,24K,CCM,FLINT FOR MONTANA,KALISPELL,MT,59901,,,5062026,1000,C00941575,H6MT01152,"FLINT, AARON",SB23.4505,1985539,,,4.07122E+18
C00878389,HEAL AMERICA,"KENNEDY, MIKE",HEAL AMERICA,D,N,MY,G2024,2.02507E+17,24K,CCM,AUSTIN FOR CONGRESS,BILLINGS,MT,591027661,,,2282025,-1000,C00870352,H2MT02175,#N/A,AF1BB34396EF34AD8826,1898418,,,4.07072E+18
C00409003,HEARTLAND VALUES PAC,0,HEARTLAND VALUES PAC,D,N,Q1,G2026,2.02604E+17,24K,CCM,ALME FOR SENATE,ALEXANDRIA,VA,22314,,,3132026,5000,C00942060,S6MT00295,"ALME, KURT",B07E87C7D71E147A6B38,1965073,,,4.05052E+18
C00409003,HEARTLAND VALUES PAC,0,HEARTLAND VALUES PAC,D,N,Q1,P2026,2.02604E+17,24K,CCM,ALME FOR SENATE,ALEXANDRIA,VA,22314,,,3132026,5000,C00942060,S6MT00295,"ALME, KURT",B0E28CA07EF9F4AED842,1965073,,,4.05052E+18
C00894352,HEBREW HAMMER PAC,0,HEBREW HAMMER PAC,D,N,M6,P2026,2.02606E+17,24K,CCM,FLINT FOR MONTANA,KALISPELL,MT,599012142,,,5132026,2000,C00941575,H6MT01152,"FLINT, AARON",BEED4F1E76DC3446583F,1984473,,,4.07102E+18
C00692715,HELP ELECT REPUBLICANS NOW,0,HELP ELECT REPUBLICANS NOW,D,A,Q1,P2026,2.02604E+17,24K,CCM,ALME FOR SENATE,ALEXANDRIA,VA,22314,,,3192026,5000,C00942060,S6MT00295,"ALME, KURT",B86B4B23010424CED814,1965581,,,4.05202E+18
C00692715,HELP ELECT REPUBLICANS NOW,0,HELP ELECT REPUBLICANS NOW,D,A,Q1,G2026,2.02604E+17,24K,CCM,ALME FOR SENATE,ALEXANDRIA,VA,22314,,,3192026,5000,C00942060,S6MT00295,"ALME, KURT",B8D2AA5C641E646B79A2,1965581,,,4.05202E+18
C00525238,IMPACT COMMITTEE,"TURNER, REP MICHAEL R",IMPACT COMMITTEE,D,N,M6,P2026,2.02606E+17,24K,CCM,FLINT FOR MONTANA,KALISPELL,MT,59901,,,5192026,1000,C00941575,H6MT01152,"FLINT, AARON",SB23.6340,1983343,,,4.06302E+18
C00623512,IN THE ARENA PAC,0,IN THE ARENA PAC,D,N,M6,P2026,2.02606E+17,24K,CCM,FLINT FOR MONTANA,KALISPELL,MT,59901,,,5182026,5000,C00941575,H6MT01152,"FLINT, AARON",SB23.I36215,1985493,,,4.07132E+18
C00623512,IN THE ARENA PAC,0,IN THE ARENA PAC,D,N,12S,P2026,2.02511E+17,24K,CCM,TROY DOWNING FOR CONGRESS,HELENA,MT,59624,,,11042025,5000,C00855288,H4MT02098,"DOWNING, TROY",SB23.I32522,1926433,,,4.01132E+18
C00880674,INDIANAENGRPAC,"MESSMER, MARK MR.",INDIANAENGRPAC,D,N,Q2,P2026,2.02607E+17,24K,CCM,FLINT FOR MONTANA,KALISPELL,MT,599012142,,,5272026,1000,C00941575,H6MT01152,"FLINT, AARON",B8E40D3DC796241D7820,1995190,,,4.07262E+18
C00450320,INVEST IN A STRONG AND SECURE AMERICA,0,INVEST IN A STRONG AND SECURE AMERICA,D,N,YE,P2026,2.02601E+17,24K,CCM,TROY DOWNING FOR CONGRESS,BILLINGS,MT,59104,,,12302025,2700,C00855288,H4MT02098,"DOWNING, TROY",EB9445,1932810,,,4.01262E+18
C00896688,JOBS OPPORTUNITY NOW POLITICAL ACTION COMMITTEE,"HUSTED, JON",JOBS OPPORTUNITY NOW POLITICAL ACTION COMMITTEE,D,N,Q1,P2026,2.02604E+17,24K,CCM,ALME FOR SENATE,ALEXANDRIA,VA,22314,,,3272026,5000,C00942060,S6MT00295,"ALME, KURT",BEDDA4EAFE2D244CABE4,1963969,,,4.05072E+18
C00896688,JOBS OPPORTUNITY NOW POLITICAL ACTION COMMITTEE,"HUSTED, JON",JOBS OPPORTUNITY NOW POLITICAL ACTION COMMITTEE,D,N,Q1,G2026,2.02604E+17,24K,CCM,ALME FOR SENATE,ALEXANDRIA,VA,22314,,,3272026,5000,C00942060,S6MT00295,"ALME, KURT",B4E48598139954376949,1963969,,,4.05072E+18
C00892752,JUNTOS PAC,"GALLEGO, RUBEN",JUNTOS PAC,D,N,M4,P2026,2.02604E+17,24K,CCM,RYAN BUSSE FOR MONTANA,MISSOULA,MT,598061046,,,3272026,5000,C00933473,H6MT01145,"BUSSE, RYAN",500473688,1969136,,,4.06022E+18
C00925305,JUST ELECT SUPER STARS PAC,"STEINMANN, JESSICA HART",JUST ELECT SUPER STARS PAC,D,N,M6,P2026,2.02606E+17,24K,CCM,FLINT FOR MONTANA,KALISPELL,MT,59901,,,5282026,2500,C00941575,H6MT01152,"FLINT, AARON",SB23.2002,1985271,,,4.07132E+18
C00823773,JUSTICE LEAGUE PAC,"GARCIA, ROBERT",JUSTICE LEAGUE PAC,D,N,M4,P2026,2.02604E+17,24K,CCM,SAM FOR MONTANA,MISSOULA,MT,598077224,,,3132026,1000,C00932822,H6MT01137,"FORSTAG, SAMUEL KELLEY",500476436,1969425,,,4.06022E+18
C00607721,LAND OF OPPORTUNITY PAC,0,LAND OF OPPORTUNITY PAC,D,N,M6,P2026,2.02606E+17,24K,CCM,FLINT FOR MONTANA,KALISPELL,MT,599012142,,,5062026,2500,C00941575,H6MT01152,"FLINT, AARON",BC2821D7A57974E8BA8F,1984465,,,4.07122E+18
C00607721,LAND OF OPPORTUNITY PAC,0,LAND OF OPPORTUNITY PAC,D,N,MY,P2026,2.02507E+17,24K,CCM,TROY DOWNING FOR CONGRESS,BILLINGS,MT,59104,,,1152025,1000,C00855288,H4MT02098,"DOWNING, TROY",B8794DE46838E4DA8ABC,1907305,,,4.07312E+18
C00764886,LASTING INVESTMENTS STRENGTHENING AMERICA PAC,"MCCLAIN, LISA",LASTING INVESTMENTS STRENGTHENING AMERICA PAC,D,N,M6,P2026,2.02606E+17,24K,CCM,FLINT FOR MONTANA,KALISPELL,MT,59901,,,5142026,5000,C00941575,H6MT01152,"FLINT, AARON",SB23.I8613,1985492,,,4.07122E+18
C00497073,LOBO PAC,"HEINRICH, MARTIN",LOBO PAC,D,N,M2,P2026,2.02602E+17,24K,CCM,RYAN BUSSE FOR MONTANA,MISSOULA,MT,598061046,,,1122026,5000,C00933473,H6MT01145,"BUSSE, RYAN",500530700,1948664,,,4.03142E+18
C00497073,LOBO PAC,"HEINRICH, MARTIN",LOBO PAC,D,N,M6,P2026,2.02606E+17,24K,CCM,SETH BODNAR FOR MONTANA,MISSOULA,MT,598077188,,,5142026,5000,C00941708,S6MT00287,"BODNAR, SETH",500557539,1984442,,,4.07122E+18
C00461251,MAC PAC,"MCGOVERN, JAMES",MAC PAC,D,N,Q1,P2026,2.02604E+17,24K,CCM,SAM FOR MONTANA,MISSOULA,MT,59807,,,3312026,1000,C00932822,H6MT01137,"FORSTAG, SAMUEL KELLEY",SB23.5179,1960054,,,4.04172E+18
C00565630,MAINTAINING ALL REPUBLICANS IN OFFICE PAC,"DIAZ-BALART, MARIO",MAINTAINING ALL REPUBLICANS IN OFFICE PAC,D,N,Q2,G2026,2.02607E+17,24K,CCM,FLINT FOR MONTANA,KALISPELL,MT,59901,,,6252026,1000,C00941575,H6MT01152,"FLINT, AARON",SB23.6226,1991406,,,4.07172E+18
C00565630,MAINTAINING ALL REPUBLICANS IN OFFICE PAC,"DIAZ-BALART, MARIO",MAINTAINING ALL REPUBLICANS IN OFFICE PAC,D,N,Q3,P2026,2.0251E+17,24K,CCM,TROY DOWNING FOR CONGRESS,BILLINGS,MT,59104,,,9162025,1000,C00855288,H4MT02098,"DOWNING, TROY",SB23.6096,1918631,,,4.11252E+18
C00428052,MAJORITY COMMITTEE PAC--MC PAC,0,MAJORITY COMMITTEE PAC--MC PAC,D,N,M4,P2026,2.02604E+17,24K,CCM,ALME FOR SENATE,ALEXANDRIA,VA,22314,,,3262026,2500,C00942060,S6MT00295,"ALME, KURT",BE7EF7881506E459ABE0,1969757,,,4.06012E+18
C00848556,MCKENZIE RIVER PAC,"HOYLE, VALERIE",MCKENZIE RIVER PAC,D,N,M7,G2026,2.02607E+17,24K,CCM,SAM FOR MONTANA,MISSOULA,MT,598077224,,,6292026,1000,C00932822,H6MT01137,"FORSTAG, SAMUEL KELLEY",500387467,2000060,,,4.07312E+18
C00848556,MCKENZIE RIVER PAC,"HOYLE, VALERIE",MCKENZIE RIVER PAC,D,N,M4,P2026,2.02604E+17,24K,CCM,SAM FOR MONTANA,MISSOULA,MT,598077224,,,3312026,3500,C00932822,H6MT01137,"FORSTAG, SAMUEL KELLEY",500374933,1969221,,,4.06022E+18
C00563726,MR. SOUTHERN MISSOURIAN IN THE HOUSE PAC,0,MR. SOUTHERN MISSOURIAN IN THE HOUSE PAC,D,N,M4,P2026,2.02604E+17,24K,CCM,FLINT FOR MONTANA,KALISPELL,MT,59901,,,3192026,5000,C00941575,H6MT01152,"FLINT, AARON",B-13876,1969417,,,4.06022E+18
C00563726,MR. SOUTHERN MISSOURIAN IN THE HOUSE PAC,0,MR. SOUTHERN MISSOURIAN IN THE HOUSE PAC,D,N,M2,P2026,2.02502E+17,24K,CCM,TROY DOWNING FOR CONGRESS,HELENA,MT,59624,,,1102025,5000,C00855288,H4MT02098,"DOWNING, TROY",B-12189,1878033,,,4.02212E+18
C00817338,MVL PAC,"LAWLER, MICHAEL VINCENT",MVL PAC,D,A,M4,P2026,2.02607E+17,24K,CCM,TROY DOWNING FOR CONGRESS,BILLINGS,MT,59104,,,3172026,2500,C00855288,H4MT02098,"DOWNING, TROY",B-6184,1989065,,,4.07152E+18
C00403592,NARRAGANSETT BAY PAC,"REED, JOHN",NARRAGANSETT BAY PAC,D,N,M7,P2026,2.02607E+17,24K,CCM,SETH BODNAR FOR MONTANA,MISSOULA,MT,598077188,,,6022026,5000,C00941708,S6MT00287,"BODNAR, SETH",501336275,1999547,,,4.08132E+18
C00403592,NARRAGANSETT BAY PAC,"REED, JOHN",NARRAGANSETT BAY PAC,D,N,M7,G2026,2.02607E+17,24K,CCM,SETH BODNAR FOR MONTANA,MISSOULA,MT,598077188,,,6022026,5000,C00941708,S6MT00287,"BODNAR, SETH",501336276,1999547,,,4.08132E+18
C00540054,NEBRASKA SANDHILLS PAC,"FISCHER, DEBRA S",NEBRASKA SANDHILLS PAC,D,N,M7,G2026,2.02607E+17,24K,CCM,ALME FOR SENATE,ALEXANDRIA,VA,22314,,,6082026,5000,C00942060,S6MT00295,"ALME, KURT",SB23.8320,2000283,,,4.07312E+18
C00914366,NO FAIL MISSION PAC,"SCHWARZE, ADAM",NO FAIL MISSION PAC,D,A,Q1,P2026,2.02604E+17,24K,CCM,CHRISTI JACOBSEN FOR CONGRESS,HELENA,MT,596240485,,,3312026,3500,C00941583,H6MT01160,"JACOBSEN, CHRISTI",BB1B5EC04E66D45F19C4,1959875,,,4.04132E+18
C00829663,NOT SO OLD FASHIONED PAC,"MCGARVEY, MORGAN",NOT SO OLD FASHIONED PAC,D,N,M4,P2026,2.02604E+17,24K,CCM,SAM FOR MONTANA,MISSOULA,MT,598077224,,,3282026,1000,C00932822,H6MT01137,"FORSTAG, SAMUEL KELLEY",500123265,1969668,,,4.06012E+18
C00878934,ON THE MOVE PAC,"SIMON, LATEEFAH",ON THE MOVE PAC,D,N,Q2,P2026,2.02607E+17,24K,CCM,SAM FOR MONTANA,MISSOULA,MT,598077224,,,5122026,1500,C00932822,H6MT01137,"FORSTAG, SAMUEL KELLEY",501334166,1992742,,,4.07212E+18
C00697326,"ON WISCONSIN PAC, INC.",0,"ON WISCONSIN PAC, INC.",D,A,M6,P2026,2.02607E+17,24K,CCM,TROY DOWNING FOR CONGRESS,BILLINGS,MT,59104,,,5262026,1000,C00855288,H4MT02098,"DOWNING, TROY",SB23.5382,1988316,,,4.07152E+18
C00551853,OORAH! POLITICAL ACTION COMMITTEE,0,OORAH! POLITICAL ACTION COMMITTEE,D,N,M4,P2026,2.02604E+17,24K,CCM,ALME FOR SENATE,ALEXANDRIA,VA,22314,,,3152026,5000,C00942060,S6MT00295,"ALME, KURT",SB23.I33014,1966018,,,4.04302E+18
C00551853,OORAH! POLITICAL ACTION COMMITTEE,0,OORAH! POLITICAL ACTION COMMITTEE,D,N,M4,G2026,2.02604E+17,24K,CCM,ALME FOR SENATE,ALEXANDRIA,VA,22314,,,3152026,5000,C00942060,S6MT00295,"ALME, KURT",SB23.I33014_B,1966018,,,4.04302E+18
C00761528,OREGON FRONTIER PAC,"BENTZ, CLIFF",OREGON FRONTIER PAC,D,N,Q2,P2026,2.02607E+17,24K,CCM,FLINT FOR MONTANA,KALISPELL,MT,59901,,,5152026,1000,C00941575,H6MT01152,"FLINT, AARON",SB23.4361,1994938,,,4.07272E+18
C00811216,OUR FIGHT OUR FUTURE,"CASAR, GREG",OUR FIGHT OUR FUTURE,D,N,Q2,P2026,2.02607E+17,24K,CCM,SAM FOR MONTANA,MISSOULA,MT,59807,,,5122026,1000,C00932822,H6MT01137,"FORSTAG, SAMUEL KELLEY",SB23.4467,1993064,,,4.07272E+18
C00832576,PATRIOT PAC,"RYAN, PATRICK",PATRIOT PAC,D,N,M7,G2026,2.02607E+17,24K,CCM,SAM FOR MONTANA,MISSOULA,MT,598077224,,,6302026,2500,C00932822,H6MT01137,"FORSTAG, SAMUEL KELLEY",500511579,2000662,,,4.07302E+18
C00531590,PATRIOTS IN ACTION,"WILLIAMS, ROGER",PATRIOTS IN ACTION,D,N,YE,P2026,2.02601E+17,24K,CCM,TROY DOWNING FOR CONGRESS,BILLINGS,MT,59104,,,12112025,5000,C00855288,H4MT02098,"DOWNING, TROY",SB23.I16571,1933617,,,4.01272E+18
C00851998,PENNSYLVANIA HONOR,"MCCORMICK, DAVE",PENNSYLVANIA HONOR,D,N,M5,P2026,2.02605E+17,24K,CCM,ALME FOR SENATE,ALEXANDRIA,VA,22314,,,4152026,5000,C00942060,S6MT00295,"ALME, KURT",SB23.2,1977240,,,4.06172E+18
C00851998,PENNSYLVANIA HONOR,"MCCORMICK, DAVE",PENNSYLVANIA HONOR,D,N,M5,G2026,2.02605E+17,24K,CCM,ALME FOR SENATE,ALEXANDRIA,VA,22314,,,4152026,5000,C00942060,S6MT00295,"ALME, KURT",SB23.2.1,1977240,,,4.06172E+18
C00691915,PRAYERIE PAC,"CRAMER, KEVIN",PRAYERIE PAC,D,N,Q1,P2026,2.02604E+17,24K,CCM,ALME FOR SENATE,ALEXANDRIA,VA,22314,,,3262026,3500,C00942060,S6MT00295,"ALME, KURT",SB23.I28591,1965969,,,4.04302E+18
C00691915,PRAYERIE PAC,"CRAMER, KEVIN",PRAYERIE PAC,D,N,Q2,P2026,2.02607E+17,24K,CCM,FLINT FOR MONTANA,KALISPELL,MT,59901,,,5262026,2500,C00941575,H6MT01152,"FLINT, AARON",SB23.I29200,1995508,,,4.07262E+18
C00417493,PROGRESSIVE AMERICANS FOR DEMOCRACY,0,PROGRESSIVE AMERICANS FOR DEMOCRACY,D,N,M7,G2026,2.02607E+17,24K,CCM,SAM FOR MONTANA,MISSOULA,MT,59807,,,6222026,2500,C00932822,H6MT01137,"FORSTAG, SAMUEL KELLEY",B-23537,1998332,,,4.07282E+18
C00417493,PROGRESSIVE AMERICANS FOR DEMOCRACY,0,PROGRESSIVE AMERICANS FOR DEMOCRACY,D,N,M6,P2026,2.02606E+17,24K,CCM,SAM FOR MONTANA,MISSOULA,MT,59807,,,5262026,2500,C00932822,H6MT01137,"FORSTAG, SAMUEL KELLEY",B-23203,1983619,,,4.06302E+18
C00406553,PROGRESSIVE VOTERS OF AMERICA,"SANDERS, BERNARD",PROGRESSIVE VOTERS OF AMERICA,D,A,M2,P2026,2.02602E+17,24K,CCM,SAM FOR MONTANA,MISSOULA,MT,598077224,,,1052026,5000,C00932822,H6MT01137,"FORSTAG, SAMUEL KELLEY",500207830,1948522,,,4.03142E+18
C00406553,PROGRESSIVE VOTERS OF AMERICA,"SANDERS, BERNARD",PROGRESSIVE VOTERS OF AMERICA,D,A,M2,G2026,2.02602E+17,24K,CCM,SAM FOR MONTANA,MISSOULA,MT,598077224,,,1052026,5000,C00932822,H6MT01137,"FORSTAG, SAMUEL KELLEY",500207831,1948522,,,4.03142E+18
C00749481,RAPTOR PAC,0,RAPTOR PAC,D,N,M7,G2026,2.02607E+17,24K,CCM,FLINT FOR MONTANA,KALISPELL,MT,599012142,,,6092026,1000,C00941575,H6MT01152,"FLINT, AARON",BB1068F45C64A42D29D0,2000107,,,4.07312E+18
C00749481,RAPTOR PAC,0,RAPTOR PAC,D,N,M4,P2026,2.02604E+17,24K,CCM,FLINT FOR MONTANA,KALISPELL,MT,599012142,,,3062026,5000,C00941575,H6MT01152,"FLINT, AARON",B97C7417A2EDD4580AD2,1969648,,,4.06022E+18
C00749481,RAPTOR PAC,0,RAPTOR PAC,D,N,MY,P2026,2.02507E+17,24K,CCM,TROY DOWNING FOR CONGRESS,HELENA,MT,596240322,,,6202025,1000,C00855288,H4MT02098,"DOWNING, TROY",BA08A1A89810549A5A5A,1908146,,,4.08052E+18
C00749481,RAPTOR PAC,0,RAPTOR PAC,D,N,12S,P2026,2.02511E+17,24K,CCM,TROY DOWNING FOR CONGRESS,BILLINGS,MT,59104,,,7162025,1000,C00855288,H4MT02098,"DOWNING, TROY",B1851E9C6080A4F478D4,1926280,,,4.01132E+18
C00749481,RAPTOR PAC,0,RAPTOR PAC,D,N,12S,P2026,2.02511E+17,24K,CCM,TROY DOWNING FOR CONGRESS,BILLINGS,MT,59104,,,9092025,1000,C00855288,H4MT02098,"DOWNING, TROY",B2FDD9E7A96FF410AB13,1926280,,,4.01132E+18
C00749481,RAPTOR PAC,0,RAPTOR PAC,D,N,YE,P2026,2.02601E+17,24K,CCM,TROY DOWNING FOR CONGRESS,BILLINGS,MT,59104,,,11242025,1000,C00855288,H4MT02098,"DOWNING, TROY",B59EEC3AC41DD45E4961,1940039,,,4.02262E+18
C00493361,RAZOR PAC,0,RAZOR PAC,D,N,M7,G2026,2.02607E+17,24K,CCM,FLINT FOR MONTANA,KALISPELL,MT,599012142,,,6112026,2500,C00941575,H6MT01152,"FLINT, AARON",B39909E5C5D6E42BE972,1990370,,,4.07172E+18
C00296640,REPUBLICAN MAJORITY FUND,0,REPUBLICAN MAJORITY FUND,D,N,M4,P2026,2.02604E+17,24K,CCM,ALME FOR SENATE,ALEXANDRIA,VA,22314,,,3062026,5000,C00942060,S6MT00295,"ALME, KURT",SB23.I45872,1969109,,,4.05292E+18
C00296640,REPUBLICAN MAJORITY FUND,0,REPUBLICAN MAJORITY FUND,D,N,M4,G2026,2.02604E+17,24K,CCM,ALME FOR SENATE,ALEXANDRIA,VA,22314,,,3062026,5000,C00942060,S6MT00295,"ALME, KURT",SB23.I45873,1969109,,,4.05292E+18
C00823351,REPUBLICANS UNITED TO DEFEND YOU PAC,"YAKYM, RUDY",REPUBLICANS UNITED TO DEFEND YOU PAC,D,N,Q2,P2026,2.02607E+17,24K,CCM,TROY DOWNING FOR CONGRESS,HELENA,MT,59624,,,4272026,1000,C00855288,H4MT02098,"DOWNING, TROY",SB23.I21222,1995361,,,4.07242E+18
C00778449,RESTORE AMERICA'S VOICE PAC,"MILLS, CORY",RESTORE AMERICA'S VOICE PAC,D,N,Q2,P2026,2.02607E+17,24K,CCM,FLINT FOR MONTANA,KALISPELL,MT,59901,,,4072026,1000,C00941575,H6MT01152,"FLINT, AARON",SB23.4192,1993275,,,4.07262E+18
C00649525,RESTORING OUR NATION PAC,0,RESTORING OUR NATION PAC,D,N,M4,P2026,2.02604E+17,24K,CCM,FLINT FOR MONTANA,KALISPELL,MT,59901,,,3112026,5000,C00941575,H6MT01152,"FLINT, AARON",B4574A39AE94C4CCCA5C,1969674,,,4.06022E+18
C00570770,RURAL AMERICA COUNTS PAC (RAC PAC),"CRAWFORD, ERIC",RURAL AMERICA COUNTS PAC (RAC PAC),D,N,M7,G2026,2.02607E+17,24K,CCM,FLINT FOR MONTANA,KALISPELL,MT,59901,,,6292026,2000,C00941575,H6MT01152,"FLINT, AARON",SB23.I6837,1999565,,,4.08132E+18
C00689208,RVFPAC,0,RVFPAC,D,N,M4,P2026,2.02604E+17,24K,CCM,FLINT FOR MONTANA,KALISPELL,MT,599012142,,,3252026,2000,C00941575,H6MT01152,"FLINT, AARON",B83610D44AFA94FDCBAB,1964606,,,4.05072E+18
C00689208,RVFPAC,0,RVFPAC,D,N,M6,P2026,2.02606E+17,24K,CCM,FLINT FOR MONTANA,KALISPELL,MT,599012142,,,5122026,2000,C00941575,H6MT01152,"FLINT, AARON",B1092D0A7A1874578982,1985287,,,4.07132E+18
C00760694,SCONNIE PAC,"FITZGERALD, SCOTT",SCONNIE PAC,D,N,Q2,P2026,2.02607E+17,24K,CCM,FLINT FOR MONTANA,KALISPELL,MT,59901,,,6012026,1000,C00941575,H6MT01152,"FLINT, AARON",SB23.4466,1997141,,,4.07232E+18
C00719971,SENATE EAGLE PAC,0,SENATE EAGLE PAC,D,N,Q1,P2026,2.02604E+17,24K,CCM,ALME FOR SENATE,ALEXANDRIA,VA,22314,,,3132026,5000,C00942060,S6MT00295,"ALME, KURT",SB23.I33083,1963334,,,4.04242E+18
C00719971,SENATE EAGLE PAC,0,SENATE EAGLE PAC,D,N,Q1,G2026,2.02604E+17,24K,CCM,ALME FOR SENATE,ALEXANDRIA,VA,22314,,,3132026,5000,C00942060,S6MT00295,"ALME, KURT",SB23.I33084,1963334,,,4.04242E+18
C00654186,SOCK IT TO 'EM PAC,"CURTIS, JOHN",SOCK IT TO 'EM PAC,D,N,M4,P2026,2.02604E+17,24K,CCM,ALME FOR SENATE,ALEXANDRIA,VA,22314,,,3242026,5000,C00942060,S6MT00295,"ALME, KURT",B-735178,1969600,,,4.06022E+18
C00654186,SOCK IT TO 'EM PAC,"CURTIS, JOHN",SOCK IT TO 'EM PAC,D,N,M4,G2026,2.02604E+17,24K,CCM,ALME FOR SENATE,ALEXANDRIA,VA,22314,,,3242026,5000,C00942060,S6MT00295,"ALME, KURT",B-735180,1969600,,,4.06022E+18
C00877506,SPACE COAST LEADERSHIP PAC,0,SPACE COAST LEADERSHIP PAC,D,A,Q2,G2026,2.02608E+17,24K,CCM,FLINT FOR MONTANA,KALISPELL,MT,599012142,,,6292026,1000,C00941575,H6MT01152,"FLINT, AARON",BCC8D011E19CA48248A5,2004144,,,4.08202E+18
C00787317,SPIKE PAC,"TRAHAN, LORI",SPIKE PAC,D,N,Q1,P2026,2.02604E+17,24K,CCM,SAM FOR MONTANA,MISSOULA,MT,598077224,,,3232026,1000,C00932822,H6MT01137,"FORSTAG, SAMUEL KELLEY",500183842,1966917,,,4.04292E+18
C00762682,STEER PAC,0,STEER PAC,D,N,Q1,P2026,2.02604E+17,24K,CCM,ALME FOR SENATE,ALEXANDRIA,VA,22314,,,3182026,5000,C00942060,S6MT00295,"ALME, KURT",B5D7428FA78104CAFA27,1962349,,,4.04242E+18
C00762682,STEER PAC,0,STEER PAC,D,N,Q1,G2026,2.02604E+17,24K,CCM,ALME FOR SENATE,ALEXANDRIA,VA,22314,,,3182026,5000,C00942060,S6MT00295,"ALME, KURT",B0A788621F269484E962,1962349,,,4.04242E+18
C00467431,THE EYE OF THE TIGER POLITICAL ACTION COMMITTEE,0,THE EYE OF THE TIGER POLITICAL ACTION COMMITTEE,D,A,M4,G2026,2.02604E+17,24K,CCM,FLINT FOR MONTANA,KALISPELL,MT,59901,,,3312026,5000,C00941575,H6MT01152,"FLINT, AARON",SB23.I130280,1971835,,,4.06022E+18
C00467431,THE EYE OF THE TIGER POLITICAL ACTION COMMITTEE,0,THE EYE OF THE TIGER POLITICAL ACTION COMMITTEE,D,A,M4,P2026,2.02604E+17,24K,CCM,FLINT FOR MONTANA,KALISPELL,MT,59901,,,3312026,5000,C00941575,H6MT01152,"FLINT, AARON",SB23.I130281,1971835,,,4.06022E+18
C00467431,THE EYE OF THE TIGER POLITICAL ACTION COMMITTEE,0,THE EYE OF THE TIGER POLITICAL ACTION COMMITTEE,D,N,M8,P2026,2.02508E+17,24K,CCM,TROY DOWNING FOR CONGRESS,HELENA,MT,59624,,,7282025,5000,C00855288,H4MT02098,"DOWNING, TROY",SB23.I124514,1912563,,,4.08222E+18
C00379479,THE HAWKEYE PAC,0,THE HAWKEYE PAC,D,N,Q1,P2026,2.02604E+17,24K,CCM,ALME FOR SENATE,ALEXANDRIA,VA,22314,,,3132026,5000,C00942060,S6MT00295,"ALME, KURT",B48B38F031BC84740BF0,1960808,,,4.04222E+18
C00882134,THIN BLUE LINE PAC,"EVANS, TIMOTHY GABRIEL",THIN BLUE LINE PAC,D,N,YE,P2026,2.02601E+17,24K,CCM,TROY DOWNING FOR CONGRESS,BILLINGS,MT,59104,,,12292025,3500,C00855288,H4MT02098,"DOWNING, TROY",SB23.4314,1941418,,,4.02202E+18
C00571323,TOGETHER HOLDING OUR MAJORITY PAC,0,TOGETHER HOLDING OUR MAJORITY PAC,D,N,Q2,G2026,2.02607E+17,24K,CCM,ALME FOR SENATE,ALEXANDRIA,VA,223145404,,,6172026,5000,C00942060,S6MT00295,"ALME, KURT",B1F9DC3CE14844FE99E4,1988005,,,4.07142E+18
C00495887,TOMORROW IS MEANINGFUL PAC,"SCOTT, TIMOTHY E.",TOMORROW IS MEANINGFUL PAC,D,N,Q1,P2026,2.02604E+17,24K,CCM,ALME FOR SENATE,WASHINGTON,DC,20003,,,3132026,5000,C00942060,S6MT00295,"ALME, KURT",SB23.1126329.1,1967053,,,4.04292E+18
C00495887,TOMORROW IS MEANINGFUL PAC,"SCOTT, TIMOTHY E.",TOMORROW IS MEANINGFUL PAC,D,N,Q1,G2026,2.02604E+17,24K,CCM,ALME FOR SENATE,WASHINGTON,DC,20003,,,3132026,5000,C00942060,S6MT00295,"ALME, KURT",SB23.1126329.2,1967053,,,4.04292E+18
C00433680,TREASURE STATE PAC,"TESTER, R. JON",TREASURE STATE PAC,D,N,M7,G2026,2.02607E+17,24K,CCM,SETH BODNAR FOR MONTANA,MISSOULA,MT,598077188,,,6012026,5000,C00941708,S6MT00287,"BODNAR, SETH",500484275,1999613,,,4.08022E+18
C00433680,TREASURE STATE PAC,"TESTER, R. JON",TREASURE STATE PAC,D,N,M7,P2026,2.02607E+17,24K,CCM,SETH BODNAR FOR MONTANA,MISSOULA,MT,598077188,,,6012026,5000,C00941708,S6MT00287,"BODNAR, SETH",500484276,1999613,,,4.08022E+18
C00571000,TRUE NORTH PAC,"SULLIVAN, DAN",TRUE NORTH PAC,D,N,Q1,P2026,2.02604E+17,24K,CCM,ALME FOR SENATE,ALEXANDRIA,VA,22314,,,3112026,5000,C00942060,S6MT00295,"ALME, KURT",B05FAF022DD5B4FF0A5B,1963404,,,4.05092E+18
C00571000,TRUE NORTH PAC,"SULLIVAN, DAN",TRUE NORTH PAC,D,N,Q1,G2026,2.02604E+17,24K,CCM,ALME FOR SENATE,ALEXANDRIA,VA,22314,,,3112026,5000,C00942060,S6MT00295,"ALME, KURT",B95BB673E530541DEBCE,1963404,,,4.05092E+18
C00784868,TRUSTWORTHY REPUBLICANS ALWAYS SERVE HUMBLY PAC,"MOORE, BARRY",TRUSTWORTHY REPUBLICANS ALWAYS SERVE HUMBLY,D,N,Q2,P2026,2.02607E+17,24K,CCM,ALME FOR SENATE,ALEXANDRIA,VA,22314,,,5082026,3500,C00942060,S6MT00295,"ALME, KURT",SB23.4181,1987286,,,4.07132E+18
C00942813,TRUTH AND EXCELLENCE PAC,"TEIXEIRA, MARK CHARLES",TRUTH AND EXCELLENCE PAC,D,N,M7,G2026,2.02607E+17,24K,CCM,FLINT FOR MONTANA,KALISPELL,MT,59901,,,6252026,1000,C00941575,H6MT01152,"FLINT, AARON",SB23.2113,1995279,,,4.07262E+18
C00503151,UPPER HAND FUND,"HUIZENGA, WILLIAM",UPPER HAND FUND,D,N,MY,P2026,2.02507E+17,24K,CCM,TROY DOWNING FOR CONGRESS,BILLINGS,MT,59104,,,3252025,2500,C00855288,H4MT02098,"DOWNING, TROY",SB23.7536,1909037,,,4.08112E+18
C00503151,UPPER HAND FUND,"HUIZENGA, WILLIAM",UPPER HAND FUND,D,N,M7,G2026,2.02607E+17,24K,CCM,TROY DOWNING FOR CONGRESS,BILLINGS,MT,59104,,,6302026,3000,C00855288,H4MT02098,"DOWNING, TROY",SB23.7906,1999998,,,4.08012E+18
C00489336,WILD AND WONDERFUL PAC,"CAPITO, SHELLEY",WILD AND WONDERFUL PAC,D,N,M6,G2026,2.02606E+17,24K,CCM,ALME FOR SENATE,ALEXANDRIA,VA,22314,,,5262026,5000,C00942060,S6MT00295,"ALME, KURT",SB23.I20128,1985787,,,4.07132E+18
C00489336,WILD AND WONDERFUL PAC,"CAPITO, SHELLEY",WILD AND WONDERFUL PAC,D,N,M4,P2026,2.02604E+17,24K,CCM,ALME FOR SENATE,ALEXANDRIA,VA,22314,,,3172026,5000,C00942060,S6MT00295,"ALME, KURT",SB23.I19767,1969157,,,4.06022E+18
C00783167,WORKING FOR OHIO,"VANCE, J",WORKING FOR OHIO,D,A,Q1,P2026,2.02607E+17,24K,CCM,ALME FOR SENATE,ALEXANDRIA,VA,22314,,,3312026,5000,C00942060,S6MT00295,"ALME, KURT",SB23.I4399,1996166,,,4.07152E+18
C00497305,YOPAC,0,YOPAC,D,N,Q1,P2026,2.02604E+17,24K,CCM,ALME FOR SENATE,ALEXANDRIA,VA,22314,,,3262026,1000,C00942060,S6MT00295,"ALME, KURT",SB23.8119,1961459,,,4.04282E+18
C00706176,YOUR OHIO REPUBLICAN TEAM,0,YOUR OHIO REPUBLICAN TEAM,D,N,M6,P2026,2.02606E+17,24K,CCM,FLINT FOR MONTANA,KALISPELL,MT,59901,,,5222026,2000,C00941575,H6MT01152,"FLINT, AARON",SB23.5022,1984560,,,4.07122E+18
C00174227,#N/A,#N/A,BAKER & HOSTETLER POLITICAL ACTION COMMITTEE,B,N,M6,P2026,2.02606E+17,24K,CCM, FLINT FOR MONTANA,KALISPELL,MT,59901,,,5292026,2000,C00941575,H6MT01152,"FLINT, AARON",B925038,1984403,,,4.07122E+18
C00528414,#N/A,#N/A,HEALTHCARE FREEDOM FUND,U,A,M4,P2026,2.02607E+17,24K,CCM,AL FOR MONTANA,HELENA,MT,59624,,,3242026,5000,C00783381,H2MT02084,"OLSZEWSKI, ALBERT",SB23.7151,2002415,,,4.07282E+18
C00343137,#N/A,#N/A,POLITICAL ACTION COMMITTEE OF THE AMERICAN ASSOCIATION OF ORTHOPAEDIC SURGEONS--PAC OF AAOS,B,A,Q1,P2026,2.02606E+17,24K,CCM,AL FOR MONTANA,HELENA,MT,59624,,,3262026,5000,C00783381,H2MT02084,"OLSZEWSKI, ALBERT",12301173,1983334,,,4.06302E+18
C00523381,#N/A,#N/A,HEARTDOCPAC,B,N,M4,P2026,2.02604E+17,24K,CCM,AL FOR MONTANA,HELENA,MT,59624,,,3202026,1041,C00783381,H2MT02084,"OLSZEWSKI, ALBERT",SB23.5893,1968870,,,4.05272E+18
C00366013,#N/A,#N/A,"NASDAQ, INC. PAC (NASDAQ PAC)",B,N,M4,P2026,2.02604E+17,24K,CCM,ALME FOR SENATE,ALEXANDRIA,VA,22314,,,3192026,1000,C00942060,S6MT00295,"ALME, KURT",B79D4B0D1BC6A4716BAB,1964170,,,4.05062E+18
C00492058,#N/A,#N/A,LEADERSHIP AND ACCOUNTABILITY ARE NATIONAL KEYS PAC,U,N,Q1,P2026,2.02604E+17,24K,CCM,ALME FOR SENATE,ALEXANDRIA,VA,22314,,,3232026,5000,C00942060,S6MT00295,"ALME, KURT",BFD982DDE22664DE78C2,1962823,,,4.04282E+18
C00492058,#N/A,#N/A,LEADERSHIP AND ACCOUNTABILITY ARE NATIONAL KEYS PAC,U,N,Q1,P2026,2.02604E+17,24K,CCM,ALME FOR SENATE,ALEXANDRIA,VA,22314,,,3232026,5000,C00942060,S6MT00295,"ALME, KURT",B7B434BF0B870464E994,1962823,,,4.04282E+18
C00109306,#N/A,#N/A,NATIONAL ASSOCIATION OF WHOLESALER-DISTRIBUTORS POLITICAL ACTION COMMITTEE,B,N,Q1,P2026,2.02604E+17,24K,CCM,ALME FOR SENATE,ALEXANDRIA,VA,22314,,,3252026,5000,C00942060,S6MT00295,"ALME, KURT",500075638,1962191,,,4.04242E+18
C00287045,#N/A,#N/A,PLAIN STATE PAC,U,N,M4,P2026,2.02604E+17,24K,CCM,ALME FOR SENATE,ALEXANDRIA,VA,22314,,,3192026,1000,C00942060,S6MT00295,"ALME, KURT",SB23.4855,1961899,,,4.04242E+18
C00199703,#N/A,#N/A,GLAXOSMITHKLINE LLC PAC (GSK PAC),B,N,M4,P2026,2.02604E+17,24K,CCM,ALME FOR SENATE,ALEXANDRIA,VA,22314,,,3272026,2000,C00942060,S6MT00295,"ALME, KURT",221DF4FD03ED311D84F,1961136,,,4.04152E+18
C00845099,#N/A,#N/A,SEND IN THE SEAL PAC,U,N,Q1,P2026,2.02604E+17,24K,CCM,ALME FOR SENATE,ALEXANDRIA,VA,22314,,,3132026,5000,C00942060,S6MT00295,"ALME, KURT",SB23.I715,1965065,,,4.05052E+18
C00845099,#N/A,#N/A,SEND IN THE SEAL PAC,U,N,Q1,G2026,2.02604E+17,24K,CCM,ALME FOR SENATE,ALEXANDRIA,VA,22314,,,3132026,5000,C00942060,S6MT00295,"ALME, KURT",SB23.I716,1965065,,,4.05052E+18
C00450916,#N/A,#N/A,ASURION LLC POLITICAL ACTION COMMITTEE (ASURION PAC),B,N,M7,G2026,2.02607E+17,24K,CCM,ALME FOR SENATE,ALEXANDRIA,VA,22314,,,6232026,2500,C00942060,S6MT00295,"ALME, KURT",SB23.8340,1999739,,,4.08022E+18
C00304832,#N/A,#N/A,CONSTELLATION BRANDS INC POLITICAL ACTION COMMITTEE,U,N,Q1,P2026,2.02604E+17,24K,CCM,ALME FOR SENATE,ALEXANDRIA,VA,22314,,,3312026,5000,C00942060,S6MT00295,"ALME, KURT",SB23.6347,1959572,,,4.04102E+18
C00772434,#N/A,#N/A,PAC FOR AMERICA,U,N,Q1,P2026,2.02604E+17,24K,CCM,ALME FOR SENATE,ALEXANDRIA,VA,22314,,,3262026,5000,C00942060,S6MT00295,"ALME, KURT",B0E92F4E6F2F64A7E9EF,1966517,,,4.04292E+18
C00004275,#N/A,#N/A,AMERICAN BANKERS ASSOCIATION PAC (BANKPAC),B,N,M5,P2026,2.02605E+17,24K,CCM,ALME FOR SENATE,ALEXANDRIA,VA,22314,,,4082026,5000,C00942060,S6MT00295,"ALME, KURT",B9ABEE36ECD9B45DEB45,1976112,,,4.06092E+18
C00035204,#N/A,#N/A,ENERGY MARKETERS OF AMERICA SMALL BUSINESS COMMITTEE PAC (EMA SBC PAC),U,N,M5,P2026,2.02605E+17,24K,CCM,ALME FOR SENATE,ALEXANDRIA,VA,22314,,,4272026,1000,C00942060,S6MT00295,"ALME, KURT",24880037,1976005,,2026 EVENT,4.06092E+18
C00236489,#N/A,#N/A,"KOCH, INC. POLITICAL ACTION COMMITTEE (KOCHPAC)",B,N,M5,P2026,2.02605E+17,24K,CCM,ALME FOR SENATE,ALEXANDRIA,VA,22314,,,4302026,2500,C00942060,S6MT00295,"ALME, KURT",38BE44ACAAE3D78C239,1976782,,,4.06162E+18
C00763664,#N/A,#N/A,TRACTOR SUPPLY COMPANY POLITICAL ACTION COMMITTEE,B,N,M7,G2026,2.02607E+17,24K,CCM,ALME FOR SENATE,ALEXANDRIA,VA,22314,,,6252026,2500,C00942060,S6MT00295,"ALME, KURT",B887E1808A29E1D19F7,1999504,,,4.08122E+18
C00755454,#N/A,#N/A,"US ENERGY PAC (THE PAC OF AMERICAN EXPLORATION & PRODUCTION COUNCIL, INC.)",U,N,M7,G2026,2.02607E+17,24K,CCM,ALME FOR SENATE,ALEXANDRIA,VA,22314,,,6102026,2500,C00942060,S6MT00295,"ALME, KURT",SB23.I34500,2000290,,,4.07312E+18
C00022343,#N/A,#N/A,"INDEPENDENT INSURANCE AGENTS & BROKERS OF AMERICA, INC. POLITICAL ACTION COMMITTEE (INSURPAC)",B,N,M7,P2026,2.02607E+17,24K,CCM,ALME FOR SENATE,ALEXANDRIA,VA,22314,,,6022026,2500,C00942060,S6MT00295,"ALME, KURT",22681712,2000324,,,4.07312E+18
C00366468,#N/A,#N/A,"CORECIVIC, INC. POLITICAL ACTION COMMITTEE (CORECIVIC PAC)",B,N,M7,P2026,2.02607E+17,24K,CCM,ALME FOR SENATE,ALEXANDRIA,VA,22314,,,6102026,5000,C00942060,S6MT00295,"ALME, KURT",B1FE70685D8AA4A75A6E,2000327,,,4.07312E+18
C00251876,#N/A,#N/A,AMGEN INC. POLITICAL ACTION COMMITTEE,B,N,M7,P2026,2.02607E+17,24K,CCM,ALME FOR SENATE,ALEXANDRIA,VA,22314,,,6012026,5000,C00942060,S6MT00295,"ALME, KURT",91268832,1999687,,CONTRIBUTION,4.08022E+18
C00411116,#N/A,#N/A,SPACE EXPLORATION TECHNOLOGIES CORP. PAC,B,N,M7,G2026,2.02607E+17,24K,CCM,ALME FOR SENATE,ALEXANDRIA,VA,22314,,,6192026,5000,C00942060,S6MT00295,"ALME, KURT",B61D1E18620FD4E1182F,2000474,,,4.07302E+18
C00147173,#N/A,#N/A,"WINE AND SPIRITS WHOLESALERS OF AMERICA, INC. POLITICAL ACTION COMMITTEE",B,N,M5,P2026,2.02605E+17,24K,CCM,ALME FOR SENATE,ALEXANDRIA,VA,22314,,,4302026,5000,C00942060,S6MT00295,"ALME, KURT",52316056,1977644,,,4.06162E+18
C00167684,#N/A,#N/A,AMERICAN SUGARBEET GROWERS ASSOCIATION PAC,U,N,Q2,P2026,2.02607E+17,24K,CCM,ALME FOR SENATE,ALEXANDRIA,VA,22314,,,5142026,1000,C00942060,S6MT00295,"ALME, KURT",SB23.9512,1989017,,,4.07152E+18
C00103903,#N/A,#N/A,"HDR, INC. EMPLOYEE OWNERS PAC",B,N,M7,G2026,2.02607E+17,24K,CCM,ALME FOR SENATE,ALEXANDRIA,VA,22314,,,6242026,2500,C00942060,S6MT00295,"ALME, KURT",B24D7D93E09B14C0BAED,1999850,,,4.08012E+18
C00219642,#N/A,#N/A,"ENTERPRISE HOLDINGS, INC. / ENTERPRISE MOBILITY POLITICAL ACTION COMMITTEE",B,N,M5,P2026,2.02605E+17,24K,CCM,ALME FOR SENATE,ALEXANDRIA,VA,22314,,,4212026,2000,C00942060,S6MT00295,"ALME, KURT",91134695,1976882,,CONTRIBUTION,4.06162E+18
C00008474,#N/A,#N/A,CITIGROUP INC. PAC - FEDERAL (CITI PAC - FEDERAL),B,N,M7,G2026,2.02607E+17,24K,CCM,ALME FOR SENATE,WASHINGTON,DC,20003,,,6112026,2000,C00942060,S6MT00295,"ALME, KURT",B925912,1999646,,,4.08022E+18
C00236489,#N/A,#N/A,"KOCH, INC. POLITICAL ACTION COMMITTEE (KOCHPAC)",B,N,M7,G2026,2.02607E+17,24K,CCM,ALME FOR SENATE,ALEXANDRIA,VA,22314,,,6082026,2500,C00942060,S6MT00295,"ALME, KURT",6A3A24C2838182447AF,1999478,X,,4.08122E+18
C00364133,#N/A,#N/A,DUANE MORRIS GOVERNMENT COMMITTEE,B,N,M5,P2026,2.02605E+17,24K,CCM,ALME FOR SENATE,ALEXANDRIA,VA,22314,,,4022026,2500,C00942060,S6MT00295,"ALME, KURT",B921157,1977450,,,4.06172E+18
C00388827,#N/A,#N/A,ROCKET LIMITED PARTNERSHIP PAC (ROCKET PAC),B,N,M7,P2026,2.02607E+17,24K,CCM,ALME FOR SENATE,ALEXANDRIA,VA,22314,,,6242026,5000,C00942060,S6MT00295,"ALME, KURT",BC159CD930E5C4B73A57,2000131,,,4.07312E+18
C00104299,#N/A,#N/A,JPMORGAN CHASE & CO. FEDERAL POLITICAL ACTION COMMITTEE,B,N,M5,P2026,2.02605E+17,24K,CCM,ALME FOR SENATE,ALEXANDRIA,VA,22314,,,4292026,1000,C00942060,S6MT00295,"ALME, KURT",171F94F3A70B5604B75,1977706,,,4.06162E+18
C00536573,#N/A,#N/A,ABBVIE POLITICAL ACTION COMMITTEE,B,N,M5,P2026,2.02605E+17,24K,CCM,ALME FOR SENATE,ALEXANDRIA,VA,22314,,,4282026,2500,C00942060,S6MT00295,"ALME, KURT",91D6AF8401912445B88,1977167,,,4.06162E+18
C00211318,#N/A,#N/A,DELOITTE POLITICAL ACTION COMMITTEE,B,N,M4,P2026,2.02604E+17,24K,CCM,ALME FOR SENATE,ALEXANDRIA,VA,22314,,,3262026,2500,C00942060,S6MT00295,"ALME, KURT",BDA58210D70A94DAEB23,1968346,,,4.05272E+18
C00164939,#N/A,#N/A,MINN-DAK FARMERS COOPERATIVE SUGAR PAC (MDSPAC),U,N,Q2,P2026,2.02607E+17,24K,CCM,ALME FOR SENATE,ALEXANDRIA,VA,22314,,,6012026,2000,C00942060,S6MT00295,"ALME, KURT",SB23.31452,1987513,,,4.07142E+18
C00053553,#N/A,#N/A,NATIONAL RIFLE ASSOCIATION OF AMERICA POLITICAL VICTORY FUND,B,N,M6,P2026,2.02606E+17,24K,CCM,ALME FOR SENATE,ALEXANDRIA,VA,22314,,,5042026,2000,C00942060,S6MT00295,"ALME, KURT",SB23.07,1985865,,,4.07132E+18
C00053553,#N/A,#N/A,NATIONAL RIFLE ASSOCIATION OF AMERICA POLITICAL VICTORY FUND,B,N,M6,P2026,2.02606E+17,24K,CCM,ALME FOR SENATE,ALEXANDRIA,VA,22314,,,5272026,3000,C00942060,S6MT00295,"ALME, KURT",SB23.22,1985865,,,4.07132E+18
C00332296,#N/A,#N/A,SUSAN B. ANTHONY LIST. INC. CANDIDATE FUND (DBA SUSAN B. ANTHONY PRO-LIFE AMERICA CANDIDATE FUND),B,A,M5,P2026,2.02606E+17,24K,ORG,ALME FOR SENATE,ALEXANDRIA,VA,22314,,,4202026,5000,C00942060,S6MT00295,"ALME, KURT",SB23.I38813,1987079,,,4.07132E+18
C00110338,#N/A,#N/A,AMERICAN CRYSTAL SUGAR COMPANY POLITICAL ACTION COMMITTEE,B,N,M6,P2021,2.02606E+17,24K,CCM,ALME FOR SENATE,ALEXANDRIA,VA,22314,,,5292026,5000,C00942060,S6MT00295,"ALME, KURT",52399002,1984528,,,4.07102E+18
C00394650,#N/A,#N/A,JBS USA FOOD COMPANY PAC,B,A,M4,P2026,2.02606E+17,24K,CCM,ALME FOR SENATE,ALEXANDRIA,VA,22314,,,3232026,1000,C00942060,S6MT00295,"ALME, KURT",SB23.38584,1985193,,,4.06192E+18
C00394650,#N/A,#N/A,JBS USA FOOD COMPANY PAC,B,A,M4,P2026,2.02606E+17,24K,CCM,ALME FOR SENATE,ALEXANDRIA,VA,22314,,,3312026,1000,C00942060,S6MT00295,"ALME, KURT",SB23.38587,1985193,,,4.06192E+18
C00007880,#N/A,#N/A,"AMERICA'S CREDIT UNIONS PAC OF CREDIT UNION NATIONAL ASSOCIATION, INC.",B,N,M6,P2026,2.02606E+17,24K,CCM,ALME FOR SENATE,ALEXANDRIA,VA,22314,,,5222026,5000,C00942060,S6MT00295,"ALME, KURT",B9452E90381704F9AABF,1984872,,,4.07072E+18
C00035451,#N/A,#N/A,AIR LINE PILOTS ASSOCIATION PAC,B,N,M6,P2026,2.02606E+17,24K,CCM,ALME FOR SENATE,ALEXANDRIA,VA,22314,,,5012026,5000,C00942060,S6MT00295,"ALME, KURT",22617838,1984532,,DIRECT CONTRIBUTION,4.07082E+18
C00778159,#N/A,#N/A,COMMANDER ZINKE LEADERSHIP FUND,D,N,M6,P2026,2.02606E+17,24K,CCM,ALME FOR SENATE,ALEXANDRIA,VA,22314,,,5132026,3500,C00942060,S6MT00295,"ALME, KURT",BB799414BA59546B7BEF,1985508,,,4.07072E+18
C00755454,#N/A,#N/A,"US ENERGY PAC (THE PAC OF AMERICAN EXPLORATION & PRODUCTION COUNCIL, INC.)",U,N,M6,P2026,2.02606E+17,24K,CCM,ALME FOR SENATE,ALEXANDRIA,VA,22314,,,5122026,2500,C00942060,S6MT00295,"ALME, KURT",SB23.I32250,1985891,,,4.07132E+18
C00064774,#N/A,#N/A,"NEXTERA ENERGY, INC. POLITICAL ACTION COMMITTEE",B,N,M6,P2026,2.02606E+17,24K,CCM,ALME FOR SENATE,ALEXANDRIA,VA,22314,,,5262026,5000,C00942060,S6MT00295,"ALME, KURT",F6C9296A7FA7C40D971,1982755,,,4.06252E+18
C00112896,#N/A,#N/A,CONOCOPHILLIPS SPIRIT PAC,B,N,M7,G2026,2.02607E+17,24K,CCM,ALME FOR SENATE,ALEXANDRIA,VA,22314,,,6082026,5000,C00942060,S6MT00295,"ALME, KURT",48315B807BEE75037C3,2000456,,,4.07302E+18
C00686287,#N/A,#N/A,PLAINS ALL AMERICAN GP LLC PAC,B,N,M5,P2026,2.02605E+17,24K,CCM,ALME FOR SENATE,ALEXANDRIA,VA,22314,,,4232026,2500,C00942060,S6MT00295,"ALME, KURT",B5914201AFCBA4B49A1E,1974671,,,4.06042E+18
C00158881,#N/A,#N/A,NEW YORK LIFE INSURANCE COMPANY POLITICAL ACTION COMMITTEE,B,N,M6,P2026,2.02606E+17,24K,CCM,ALME FOR SENATE,ALEXANDRIA,VA,22314,,,5292026,2500,C00942060,S6MT00295,"ALME, KURT",24940390,1984277,,CONTRIBUTION,4.07092E+18
C00284885,#N/A,#N/A,THE HOME DEPOT INC. POLITICAL ACTION COMMITTEE,B,N,M6,P2026,2.02606E+17,24K,CCM,ALME FOR SENATE,ALEXANDRIA,VA,22314,,,5182026,5000,C00942060,S6MT00295,"ALME, KURT",24925488,1984671,,DIRECT CONTRIBUTION,4.07082E+18
C00513549,#N/A,#N/A,PHILLIPS 66 PAC,B,N,M6,P2026,2.02606E+17,24K,CCM,ALME FOR SENATE,ALEXANDRIA,VA,22314,,,5152026,5000,C00942060,S6MT00295,"ALME, KURT",B49ED4826652A47B18A5,1985026,,,4.07012E+18
C00123612,#N/A,#N/A,TEXTRON INC. POLITICAL ACTION COMMITTEE,B,N,Q2,P2026,2.02607E+17,24K,CCM,ALME FOR SENATE,ALEXANDRIA,VA,22314,,,5202026,1000,C00942060,S6MT00295,"ALME, KURT",52347840,1989871,,011 - POLITICAL CONTRIBUTION,4.07172E+18
C00004473,#N/A,#N/A,NATIONAL TELECOMMUNICATIONS COOPERATIVE ASSOCIATION RURAL BROADBAND PAC,B,N,M4,P2026,2.02604E+17,24K,CCM,ALME FOR SENATE,ALEXANDRIA,VA,22314,,,3252026,2000,C00942060,S6MT00295,"ALME, KURT",52266604,1968313,,,4.04292E+18
C00084491,#N/A,#N/A,INTERNATIONAL FRANCHISE ASSOCIATION FRANCHISING POLITICAL ACTION COMMITTEE INC,B,N,M6,P2026,2.02606E+17,24K,CCM,ALME FOR SENATE,ALEXANDRIA,VA,22314,,,5272026,1000,C00942060,S6MT00295,"ALME, KURT",B11D5C4359EB24F4FA08,1983360,,,4.06302E+18
C00035006,#N/A,#N/A,CHEVRON EMPLOYEES POLITICAL ACTION COMMITTEE - CHEVRON CORPORATION,B,N,M6,P2026,2.02606E+17,24K,CCM,ALME FOR SENATE,ALEXANDRIA,VA,22314,,,5272026,5000,C00942060,S6MT00295,"ALME, KURT",E4780F0B67B9654D2C7,1984232,,,4.07012E+18
C00480863,#N/A,#N/A,"NATIONAL SHOOTING SPORTS FOUNDATION, INC. POLITICAL ACTION COMMITTEE (NSSF PAC)",B,N,M7,G2026,2.02607E+17,24K,CCM,ALME FOR SENATE,ALEXANDRIA,VA,22314,,,6162026,5000,C00942060,S6MT00295,"ALME, KURT",5FC115DC6277D1D32EA,1999321,,,4.07302E+18
C00064766,#N/A,#N/A,"UNITED PARCEL SERVICE, INC. PAC (UPSPAC)",B,N,M7,G2026,2.02607E+17,24K,CCM,ALME FOR SENATE,ALEXANDRIA,VA,22314,,,6152026,5000,C00942060,S6MT00295,"ALME, KURT",1504869492B1ECE5EAB,1999327,,,4.07302E+18
C00389403,#N/A,#N/A,"SPECIALTY EQUIPMENT MARKET ASSOCIATION & PERFORMANCE RACING, INC. PAC (SEMA & PRI PAC)",U,N,Q2,G2026,2.02607E+17,24K,CCM,ALME FOR SENATE,ALEXANDRIA,VA,22314,,,6162026,1500,C00942060,S6MT00295,"ALME, KURT",SB23.8944,1989225,,,4.07162E+18
C00396895,#N/A,#N/A,GILEAD SCIENCES INC HEALTHCARE POLICY PAC,B,N,M4,P2026,2.02604E+17,24K,CCM,ALME FOR SENATE,ALEXANDRIA,VA,22314,,,3252026,2000,C00942060,S6MT00295,"ALME, KURT",C304662A7EE3467D4A7,1968766,,,4.05262E+18
C00022343,#N/A,#N/A,"INDEPENDENT INSURANCE AGENTS & BROKERS OF AMERICA, INC. POLITICAL ACTION COMMITTEE (INSURPAC)",B,N,M6,P2026,2.02606E+17,24K,CCM,ALME FOR SENATE,ALEXANDRIA,VA,22314,,,5122026,2500,C00942060,S6MT00295,"ALME, KURT",22634467,1985844,,,4.07132E+18
C00280222,#N/A,#N/A,KPMG PARTNERS/PRINCIPALS AND EMPLOYEES PAC,B,N,M6,P2026,2.02606E+17,24K,CCM,ALME FOR SENATE,ALEXANDRIA,VA,22314,,,5282026,5000,C00942060,S6MT00295,"ALME, KURT",ECFEE11575D5F3C6655,1985482,,,4.07122E+18
C00107235,#N/A,#N/A,PRICEWATERHOUSECOOPERS POLITICAL ACTION COMMITTEE I,B,N,M6,P2026,2.02606E+17,24K,CCM,ALME FOR SENATE,ALEXANDRIA,VA,22314,,,5182026,5000,C00942060,S6MT00295,"ALME, KURT",972C3EC907B64251660,1985592,,,4.07132E+18
C00345132,#N/A,#N/A,REPUBLICAN JEWISH COALITION POLITICAL ACTION COMMITTEE (RJC-PAC),B,N,Q2,G2026,2.02607E+17,24K,CCM,ALME FOR SENATE,ALEXANDRIA,VA,22314,,,6012026,5000,C00942060,S6MT00295,"ALME, KURT",BA7AE967659AD4F93A28,1997099,,,4.07232E+18
C00345132,#N/A,#N/A,REPUBLICAN JEWISH COALITION POLITICAL ACTION COMMITTEE (RJC-PAC),B,N,Q2,P2026,2.02607E+17,24K,CCM,ALME FOR SENATE,ALEXANDRIA,VA,22314,,,6012026,5000,C00942060,S6MT00295,"ALME, KURT",B5F385B81EEC24E73BC3,1997099,,,4.07232E+18
C00211318,#N/A,#N/A,DELOITTE POLITICAL ACTION COMMITTEE,B,N,M6,P2026,2.02606E+17,24K,CCM,ALME FOR SENATE,ALEXANDRIA,VA,22314,,,5242026,2500,C00942060,S6MT00295,"ALME, KURT",BE9BEF67FC2884F80AF2,1983992,,,4.07012E+18
C00077321,#N/A,#N/A,AMERICAN INSTITUTE OF CERTIFIED PUBLIC ACCOUNTANTS POLITICAL ACTION COMMITTEE,B,N,M6,P2026,2.02606E+17,24K,CCM,ALME FOR SENATE,ALEXANDRIA,VA,22314,,,5282026,5000,C00942060,S6MT00295,"ALME, KURT",52355051,1983997,,,4.07012E+18
C00077321,#N/A,#N/A,AMERICAN INSTITUTE OF CERTIFIED PUBLIC ACCOUNTANTS POLITICAL ACTION COMMITTEE,B,N,M6,G2026,2.02606E+17,24K,CCM,ALME FOR SENATE,ALEXANDRIA,VA,22314,,,5282026,5000,C00942060,S6MT00295,"ALME, KURT",52355052,1983997,,,4.07012E+18
C00430256,#N/A,#N/A,"MOLINA HEALTHCARE, INC. PAC",B,N,M7,G2026,2.02607E+17,24K,CCM,ALME FOR SENATE,ALEXANDRIA,VA,22314,,,6252026,5000,C00942060,S6MT00295,"ALME, KURT",19689722,1998268,,2026 US GENERAL ELECTION CONTRIBUTION,4.07282E+18
C00015933,#N/A,#N/A,PINNACLE WEST CAPITAL CORPORATION PAC,B,N,M6,P2026,2.02606E+17,24K,CCM,ALME FOR SENATE,WASHINGTON,DC,200031867,,,5152026,2500,C00942060,S6MT00295,"ALME, KURT",B55AFB76C2060480F958,1984008,,,4.07022E+18
C00412098,#N/A,#N/A,ASSOCIATION OF KENTUCKY FRIED CHICKEN FRANCHISEES INC PAC,U,N,M6,P2026,2.02606E+17,24K,CCM,ALME FOR SENATE,ALEXANDRIA,VA,22314,,,5192026,5000,C00942060,S6MT00295,"ALME, KURT",EB9761,1984009,,,4.06172E+18
C00551184,#N/A,#N/A,"CONTINENTAL RESOURCES, INC. POLITICAL ACTION COMMITTEE",U,N,M7,G2026,2.02607E+17,24K,CCM,ALME FOR SENATE,ALEXANDRIA,VA,223145404,,,6292026,5000,C00942060,S6MT00295,"ALME, KURT",B59A43F15966F474FB08,1998716,,,4.07292E+18
C00028787,#N/A,#N/A,NATIONAL CATTLEMEN'S BEEF ASSOCIATION POLITICAL ACTION COMMITTEE (NCBA-PAC),B,N,M6,P2026,2.02606E+17,24K,CCM,ALME FOR SENATE,ALEXANDRIA,VA,22314,,,5182026,5000,C00942060,S6MT00295,"ALME, KURT",12343024,1981031,,,4.06172E+18
C00350744,#N/A,#N/A,"THE GOLDMAN SACHS GROUP, INC. POLITICAL ACTION COMMITTEE",B,N,M7,G2026,2.02607E+17,24K,CCM,ALME FOR SENATE,ALEXANDRIA,VA,22314,,,6162026,2500,C00942060,S6MT00295,"ALME, KURT",25010021,1998323,,CONTRIBUTIONS TO FEDERAL CANDIDATES,4.07292E+18
C00376376,#N/A,#N/A,"THE TRAVELERS COMPANIES, INC. POLITICAL ACTION COMMITTEE (T-PAC)",B,N,M7,G2026,2.02607E+17,24K,CCM,ALME FOR SENATE,BOZEMAN,MT,59719,,,6292026,5000,C00942060,S6MT00295,"ALME, KURT",B927099,1998731,,,4.07292E+18
C00121368,#N/A,#N/A,EXXON MOBIL CORPORATION POLITICAL ACTION COMMITTEE (EXXONMOBIL PAC),B,N,M6,P2026,2.02606E+17,24K,CCM,ALME FOR SENATE,ALEXANDRIA,VA,22314,,,5292026,2500,C00942060,S6MT00295,"ALME, KURT",7223945,1983883,,CONTRIBUTIONS TO FEDERAL CANDIDATES,4.07012E+18
C00010470,#N/A,#N/A,UNION PACIFIC CORP. FUND FOR EFFECTIVE GOVERNMENT,B,N,M6,P2026,2.02606E+17,24K,CCM,ALME FOR SENATE,ALEXANDRIA,VA,22314,,,5292026,2000,C00942060,S6MT00295,"ALME, KURT",B924772,1984200,,,4.07012E+18
C00016683,#N/A,#N/A,PFIZER INC. PAC,B,N,M7,G2026,2.02607E+17,24K,CCM,ALME FOR SENATE,ALEXANDRIA,VA,22314,,,6162026,2500,C00942060,S6MT00295,"ALME, KURT",726F27D1BFC71036A55,1999045,,,4.07292E+18
C00525055,#N/A,#N/A,"TRANSCANADA USA SERVICES, INC. PAC (TC PAC)",B,N,M6,P2026,2.02606E+17,24K,CCM,ALME FOR SENATE,ALEXANDRIA,VA,22314,,,5182026,5000,C00942060,S6MT00295,"ALME, KURT",19676169,1983064,,CONTRIBUTION,4.06292E+18
C00170258,#N/A,#N/A,NATIONAL ASSOCIATION OF MUTUAL INSURANCE COMPANIES PAC,B,N,M7,G2026,2.02607E+17,24K,CCM,ALME FOR SENATE,ALEXANDRIA,VA,22314,,,6182026,2000,C00942060,S6MT00295,"ALME, KURT",B88B0D04BD1524C0FA08,1998980,,,4.07292E+18
C00166348,#N/A,#N/A,SOUTHERN MINNESOTA BEET SUGAR COOPERATIVE POLITICAL ACTION COMMITTEE,U,N,M6,P2026,2.02606E+17,24K,CCM,ALME FOR SENATE,ALEXANDRIA,VA,22314,,,5132026,5000,C00942060,S6MT00295,"ALME, KURT",SB23.34755,1982228,,,4.06242E+18
C00692327,#N/A,#N/A,LETS GET TO WORK PAC,U,N,M7,G2026,2.02607E+17,24K,CCM,ALME FOR SENATE,WASHINGTON,DC,20003,,,6082026,5000,C00942060,S6MT00295,"ALME, KURT",SB23.5,1998181,,,4.07292E+18
C00040998,#N/A,#N/A,NATIONAL AUTOMOBILE DEALERS ASSOCIATION POLITICAL ACTION COMMITTEE,B,N,M4,P2026,2.02604E+17,24K,CCM,ALME FOR SENATE,ALEXANDRIA,VA,22314,,,3242026,5000,C00942060,S6MT00295,"ALME, KURT",32300732,1968774,,,4.05262E+18
C00089136,#N/A,#N/A,"ALTRIA GROUP,  INC. POLITICAL ACTION COMMITTEE (ALTRIAPAC)",B,N,M4,P2026,2.02604E+17,24K,CCM,ALME FOR SENATE,ALEXANDRIA,VA,22314,,,3182026,5000,C00942060,S6MT00295,"ALME, KURT",BCEDE304055984AE7850,1968797,,,4.05262E+18
C00299750,#N/A,#N/A,TDS TELECOMMUNICATIONS CORPORATION PAC,B,N,M4,P2026,2.02604E+17,24K,CCM,ALME FOR SENATE,HELENA,MT,59601,,,3192026,2500,C00942060,S6MT00295,"ALME, KURT",B920023,1969402,,,4.06012E+18
C00411116,#N/A,#N/A,SPACE EXPLORATION TECHNOLOGIES CORP. PAC,B,N,M4,P2026,2.02604E+17,24K,CCM,ALME FOR SENATE,ALEXANDRIA,VA,22314,,,3262026,2500,C00942060,S6MT00295,"ALME, KURT",B90B7A996B65F44A49B0,1970287,,,4.05282E+18
C00004812,#N/A,#N/A,MORTGAGE BANKERS ASSOCIATION POLITICAL ACTION COMMITTEE (MORPAC),B,N,M7,G2026,2.02607E+17,24K,CCM,ALME FOR SENATE,ALEXANDRIA,VA,22314,,,6262026,2500,C00942060,S6MT00295,"ALME, KURT",B749C7178EA5F4A34B4F,2000767,,,4.08022E+18
C00236489,#N/A,#N/A,"KOCH, INC. POLITICAL ACTION COMMITTEE (KOCHPAC)",B,N,M4,P2026,2.02604E+17,24K,CCM,ALME FOR SENATE,ALEXANDRIA,VA,22314,,,3262026,2500,C00942060,S6MT00295,"ALME, KURT",E0245CCF4C9667C4399,1969433,,,4.06022E+18
C00170258,#N/A,#N/A,NATIONAL ASSOCIATION OF MUTUAL INSURANCE COMPANIES PAC,B,N,M4,P2026,2.02604E+17,24K,CCM,ALME FOR SENATE,ALEXANDRIA,VA,22314,,,3302026,1000,C00942060,S6MT00295,"ALME, KURT",B2F4D8FC076B842D4A05,1969598,,,4.06022E+18
C00199711,#N/A,#N/A,HEALTH CARE SERVICE CORPORATION EMPLOYEES' POLITICAL ACTION COMMITTEE,B,N,M7,G2026,2.02607E+17,24K,CCM,ALME FOR SENATE,ALEXANDRIA,VA,22314,,,6152026,5000,C00942060,S6MT00295,"ALME, KURT",BA00F8DAFB67B4715B5F,2000534,,,4.07302E+18
C00083535,#N/A,#N/A,DUKE ENERGY CORPORATION EMPLOYEE POLITICAL ACTION COMMITTEE (DUKEPAC),B,N,M7,G2026,2.02607E+17,24K,CCM,ALME FOR SENATE,ALEXANDRIA,VA,22314,,,6242026,2000,C00942060,S6MT00295,"ALME, KURT",B729539DFECEA47A8B0B,1999923,,,4.08012E+18
C00570226,#N/A,#N/A,SEAL PAC SUPPORTING ELECTING AMERICAN LEADERS PAC,U,N,M4,P2026,2.02604E+17,24K,CCM,ALME FOR SENATE,ALEXANDRIA,VA,22314,,,3192026,5000,C00942060,S6MT00295,"ALME, KURT",B2D659181748B440AA8E,1970175,,,4.05272E+18
C00149104,#N/A,#N/A,CHS INC. POLITICAL ACTION COMMITTEE,B,N,M7,G2026,2.02607E+17,24K,CCM,ALME FOR SENATE,ALEXANDRIA,VA,22314,,,6152026,2500,C00942060,S6MT00295,"ALME, KURT",ED3DABE6E5975E682DF,1999957,,,4.08012E+18
C00126763,#N/A,#N/A,NATIONAL ASSOCIATION OF CONVENIENCE STORES POLITICAL ACTION COMMITTEE,B,N,M4,P2026,2.02604E+17,24K,CCM,ALME FOR SENATE,ALEXANDRIA,VA,22314,,,3302026,5000,C00942060,S6MT00295,"ALME, KURT",D754463D78BFC89594B,1969895,,,4.05292E+18
C00000729,#N/A,#N/A,AMERICAN DENTAL ASSOCIATION POLITICAL ACTION COMMITTEE,B,A,M4,P2026,2.02607E+17,24K,CCM,ALME FOR SENATE,ALEXANDRIA,VA,22314,,,3302026,5000,C00942060,S6MT00295,"ALME, KURT",20260890202176,2000197,,,4.07312E+18
C00792127,#N/A,#N/A,FAIR ISAAC CORPORATION POLITICAL ACTION COMMITTEE (FICO PAC),B,N,M5,P2026,2.02605E+17,24K,CCM,ALME FOR SENATE,ALEXANDRIA,VA,22314,,,4062026,5000,C00942060,S6MT00295,"ALME, KURT",B921185,1976183,,,4.06122E+18
C00186064,#N/A,#N/A,"FEDERAL BIPARTISAN VOLUNTARY PUBLIC AFFAIRS COMMITTEE OF THE PNC FINANCIAL SERVICES GROUP, INC. (PNC",B,N,M4,P2026,2.02604E+17,24K,CCM,ALME FOR SENATE,ALEXANDRIA,VA,22314,,,3312026,5000,C00942060,S6MT00295,"ALME, KURT",BF3AE582539C04C43BC4,1969868,,,4.06012E+18
C00104802,#N/A,#N/A,DELTA AIR LINES PAC,B,N,M4,P2026,2.02604E+17,24K,CCM,ALME FOR SENATE,ALEXANDRIA,VA,22314,,,3262026,5000,C00942060,S6MT00295,"ALME, KURT",BA9C910C7E45E4958A0A,1970147,,,4.05292E+18
C00042002,#N/A,#N/A,REYNOLDS AMERICAN INC. POLITICAL ACTION COMMITTEE; RAI PAC,B,N,M4,P2026,2.02604E+17,24K,CCM,ALME FOR SENATE,ALEXANDRIA,VA,22314,,,3252026,5000,C00942060,S6MT00295,"ALME, KURT",B6C0FBC08D8CC42979A9,1969373,,,4.06022E+18
C00215384,#N/A,#N/A,ONEOK INC. EMPLOYEE POLITICAL ACTION COMMITTEE,B,N,M8,G2026,2.02608E+17,24K,CCM,ALME FOR SENATE,WASHINGTON,DC,20003,,,7312026,2000,C00942060,S6MT00295,"ALME, KURT",B929621,2005939,,,4.08212E+18
C00347955,#N/A,#N/A,"LIFEPOINT HEALTH PAC - THE PAC OF LIFEPOINT CORPORATE SERVICES, GENERAL PARTNERSHIP (LCSGP) AND FACILITIES WHICH ARE SUBSIDIARIES OF LIFEPOINT HEALTH (COLLECTIVELY LIFEPOINT)",B,N,M8,G2026,2.02608E+17,24K,CCM,ALME FOR SENATE,ALEXANDRIA,VA,22314,,,7012026,3500,C00942060,S6MT00295,"ALME, KURT",B927572,2005598,,,4.08212E+18
C00227744,#N/A,#N/A,ERNST & YOUNG POLITICAL ACTION COMMITTEE,B,A,M6,P2026,2.02608E+17,24K,CCM,ALME FOR SENATE,WASHINGTON,DC,20003,,,5122026,5000,C00942060,S6MT00295,"ALME, KURT",28178579,2008468,,DIRECT CONTRIBUTION,4.08202E+18
C00041038,#N/A,#N/A,AVISTA EMPLOYEES FOR EFFECTIVE GOVERNMENT,U,N,M7,P2026,2.02607E+17,24K,CAN,"ALME, KURT",BOZEMAN,MT,59719,,,6162026,3000,C00942060,S6MT00295,"ALME, KURT",SB23.7563,1989379,,,4.07172E+18
C00927871,#N/A,#N/A,DEFENSE OF FREEDOM,B,A,Q1,P2026,2.02606E+17,24K,CCM,CHRISTI JACOBSEN FOR CONGRESS,HELENA,MT,596240485,,,3312026,3500,C00941583,H6MT01160,"JACOBSEN, CHRISTI",B61E74563DB52457AAD8,1986383,,,4.07132E+18
C00081414,#N/A,#N/A,"AMERICAN SUGAR CANE LEAGUE OF USA, INC PAC",U,N,M4,P2026,2.02604E+17,24K,CAN,"DOWNING, TROY",HELENA,MT,59624,,,3182026,3000,C00855288,H4MT02098,"DOWNING, TROY",SB23.7982,1970156,,,4.05292E+18
C00527663,#N/A,#N/A,MONTPAC-MONTANA MEDICAL ASSOCIATION (MMA),U,N,Q2,P2026,2.02607E+17,24K,CAN,"EISENHAUER, MICHAEL D. DR.",GREAT FALLS,MT,59405,,,5122026,250,C00930750,H6MT02168,"EISENHAUER, MICHAEL D. DR.",SB23.6371,1988314,,,4.07142E+18
C00778159,#N/A,#N/A,COMMANDER ZINKE LEADERSHIP FUND,D,N,Q1,P2026,2.02604E+17,24K,CCM,FLINT FOR MONTANA,KALISPELL,MT,599012142,,,3032026,2000,C00941575,H6MT01152,"FLINT, AARON",B230C59C99985465EB9C,1964549,,,4.04272E+18
C00778159,#N/A,#N/A,COMMANDER ZINKE LEADERSHIP FUND,D,N,Q1,G2026,2.02604E+17,24K,CCM,FLINT FOR MONTANA,KALISPELL,MT,599012142,,,3032026,2000,C00941575,H6MT01152,"FLINT, AARON",BCCC7B15EE8A14337932,1964549,,,4.04272E+18
C00818542,#N/A,#N/A,FIELD OF DREAMS PAC,U,N,Q1,P2026,2.02604E+17,24K,CCM,FLINT FOR MONTANA,KALISPELL,MT,59901,,,3262026,5000,C00941575,H6MT01152,"FLINT, AARON",SB23.4603,1961536,,,4.04282E+18
C00698092,#N/A,#N/A,LET'S ALL KEEP ELECTING REPUBLICANS PAC,U,N,Q1,P2026,2.02604E+17,24K,CCM,FLINT FOR MONTANA,KALISPELL,MT,599012142,,,3182026,2000,C00941575,H6MT01152,"FLINT, AARON",B371156582D2E4D8A957,1959046,,,4.04092E+18
C00845099,#N/A,#N/A,SEND IN THE SEAL PAC,U,N,Q1,P2026,2.02604E+17,24K,CCM,FLINT FOR MONTANA,KALISPELL,MT,59901,,,3042026,5000,C00941575,H6MT01152,"FLINT, AARON",SB23.I725,1965065,,,4.05052E+18
C00845099,#N/A,#N/A,SEND IN THE SEAL PAC,U,N,Q1,G2026,2.02604E+17,24K,CCM,FLINT FOR MONTANA,KALISPELL,MT,59901,,,3042026,5000,C00941575,H6MT01152,"FLINT, AARON",SB23.I726,1965065,,,4.05052E+18
C00524314,#N/A,#N/A,AMERICA'S FIRST PAC,U,N,Q1,P2026,2.02604E+17,24K,CCM,FLINT FOR MONTANA,KALISPELL,MT,59901,,,3172026,2500,C00941575,H6MT01152,"FLINT, AARON",SB23.I24094,1965680,,,4.05042E+18
C00832006,#N/A,#N/A,ULTRAGENYX PHARMACEUTICAL INC. POLITICAL ACTION COMMITTEE (AKA ULTRAGENYX PAC),U,N,12P,P2026,2.02607E+17,24K,CCM,FLINT FOR MONTANA,KALISPELL,MT,59901,,,5052026,1500,C00941575,H6MT01152,"FLINT, AARON",EB116,1996994,,,4.07232E+18
C00493221,#N/A,#N/A,THE GUARDIAN FUND,J,N,Q2,G2026,2.02607E+17,24K,CCM,FLINT FOR MONTANA,KALISPELL,MT,599012142,,,6262026,5000,C00941575,H6MT01152,"FLINT, AARON",B9EB7C60745F14401921,1993488,,,4.07222E+18
C00089458,#N/A,#N/A,"NATIONAL STONE, SAND & GRAVEL ASSOCIATION ROCKPAC",B,N,M7,G2026,2.02607E+17,24K,CCM,FLINT FOR MONTANA,KALISPELL,MT,59901,,,6242026,1000,C00941575,H6MT01152,"FLINT, AARON",52403823,2000163,,,4.07312E+18
C00755454,#N/A,#N/A,"US ENERGY PAC (THE PAC OF AMERICAN EXPLORATION & PRODUCTION COUNCIL, INC.)",U,N,M7,G2026,2.02607E+17,24K,PAC,FLINT FOR MONTANA,KALISPELL,MT,59901,,,6102026,2500,C00941575,H6MT01152,"FLINT, AARON",SB23.I34499,2000290,,,4.07312E+18
C00361758,#N/A,#N/A,"T-MOBILE US, INC.  POLITICAL ACTION COMMITTEE (T-PAC)",B,N,M5,P2026,2.02605E+17,24K,CCM,FLINT FOR MONTANA,KALISPELL,MT,599012142,,,4282026,2000,C00941575,H6MT01152,"FLINT, AARON",D8D8ED20C6EB9B051AA,1977199,,,4.06172E+18
C00411116,#N/A,#N/A,SPACE EXPLORATION TECHNOLOGIES CORP. PAC,B,N,M7,G2026,2.02607E+17,24K,CCM,FLINT FOR MONTANA,KALISPELL,MT,59901,,,6252026,5000,C00941575,H6MT01152,"FLINT, AARON",B0AC1074B916E4A01B88,2000474,,,4.07302E+18
C00411116,#N/A,#N/A,SPACE EXPLORATION TECHNOLOGIES CORP. PAC,B,N,M7,P2026,2.02607E+17,24K,CCM,FLINT FOR MONTANA,KALISPELL,MT,59901,,,6252026,5000,C00941575,H6MT01152,"FLINT, AARON",B96A6C3C0BFA849ECA8A,2000474,,,4.07302E+18
C00167684,#N/A,#N/A,AMERICAN SUGARBEET GROWERS ASSOCIATION PAC,U,N,Q2,P2026,2.02607E+17,24K,CCM,FLINT FOR MONTANA,KALISPELL,MT,59901,,,5042026,1000,C00941575,H6MT01152,"FLINT, AARON",SB23.9508,1989017,,,4.07152E+18
C00103903,#N/A,#N/A,"HDR, INC. EMPLOYEE OWNERS PAC",B,N,M7,G2026,2.02607E+17,24K,CCM,FLINT FOR MONTANA,KALISPELL,MT,59901,,,6022026,1000,C00941575,H6MT01152,"FLINT, AARON",BE4B217D075154047AA8,1999850,,,4.08012E+18
C00485540,#N/A,#N/A,LEADERSHIP FOR AMERICA TODAY TOMORROW AND ALWAYS PAC,U,N,M5,P2026,2.02605E+17,24K,CCM,FLINT FOR MONTANA,KALISPELL,MT,59901,,,4302026,3000,C00941575,H6MT01152,"FLINT, AARON",SB23.5861,1977163,,,4.06172E+18
C00126763,#N/A,#N/A,NATIONAL ASSOCIATION OF CONVENIENCE STORES POLITICAL ACTION COMMITTEE,B,N,M5,P2026,2.02605E+17,24K,CCM,FLINT FOR MONTANA,KALISPELL,MT,599012142,,,4302026,5000,C00941575,H6MT01152,"FLINT, AARON",8CAAC9359BD4B8B003B,1977078,,,4.06172E+18
C00823500,#N/A,#N/A,SECURING THE REPUBLIC FOR OUR NEXT GENERATION,U,N,12P,P2026,2.02605E+17,24K,CCM,FLINT FOR MONTANA,KALISPELL,MT,59901,,,5072026,1000,C00941575,H6MT01152,"FLINT, AARON",SB23.I9084,1978313,,,4.06172E+18
C00726729,#N/A,#N/A,BOOTS ON THE GROUND - FEDERAL,U,N,12P,G2026,2.02607E+17,24K,CCM,FLINT FOR MONTANA,KALISPELL,MT,59901,,,6172026,2000,C00941575,H6MT01152,"FLINT, AARON",SB23.1154833,1989561,,,4.07162E+18
C00028787,#N/A,#N/A,NATIONAL CATTLEMEN'S BEEF ASSOCIATION POLITICAL ACTION COMMITTEE (NCBA-PAC),B,N,M5,P2026,2.02605E+17,24K,CCM,FLINT FOR MONTANA,KALISPELL,MT,59901,,,4282026,5000,C00941575,H6MT01152,"FLINT, AARON",12337609,1972841,,,4.05062E+18
C00333427,#N/A,#N/A,GW PAC,U,N,M6,G2026,2.02606E+17,24K,CCM,FLINT FOR MONTANA,KALISPELL,MT,59901,,,5252026,2000,C00941575,H6MT01152,"FLINT, AARON",SB23.I22278,1984609,,,4.07122E+18
C00123612,#N/A,#N/A,TEXTRON INC. POLITICAL ACTION COMMITTEE,B,N,Q2,G2026,2.02607E+17,24K,CCM,FLINT FOR MONTANA,KALISPELL,MT,59901,,,6172026,1000,C00941575,H6MT01152,"FLINT, AARON",52397581,1989871,,011 - POLITICAL CONTRIBUTION,4.07172E+18
C00938399,#N/A,#N/A,THE MAJORITY,U,N,M6,P2026,2.02606E+17,24K,CCM,FLINT FOR MONTANA,KALISPELL,MT,59901,,,5152026,1000,C00941575,H6MT01152,"FLINT, AARON",SB23.I19,1985636,,,4.07122E+18
C00480863,#N/A,#N/A,"NATIONAL SHOOTING SPORTS FOUNDATION, INC. POLITICAL ACTION COMMITTEE (NSSF PAC)",B,N,M7,G2026,2.02607E+17,24K,CCM,FLINT FOR MONTANA,KALISPELL,MT,599012142,,,6162026,1000,C00941575,H6MT01152,"FLINT, AARON",576CB89D2EDD62D3F00,1999321,,,4.07302E+18
C00004473,#N/A,#N/A,NATIONAL TELECOMMUNICATIONS COOPERATIVE ASSOCIATION RURAL BROADBAND PAC,B,N,M6,P2026,2.02606E+17,24K,CCM,FLINT FOR MONTANA,KALISPELL,MT,59901,,,5262026,2500,C00941575,H6MT01152,"FLINT, AARON",52352358,1983430,,,4.06302E+18
C00236489,#N/A,#N/A,"KOCH, INC. POLITICAL ACTION COMMITTEE (KOCHPAC)",B,N,M6,P2026,2.02606E+17,24K,CCM,FLINT FOR MONTANA,KALISPELL,MT,599012142,,,5262026,2500,C00941575,H6MT01152,"FLINT, AARON",46412FAE4A3F60A5B88,1985249,,,4.07082E+18
C00165159,#N/A,#N/A,REPUBLICAN MAINSTREET PARTNERSHIP PAC,U,A,M4,P2026,2.02606E+17,24K,CCM,FLINT FOR MONTANA,KALISPELL,MT,59901,,,3192026,5000,C00941575,H6MT01152,"FLINT, AARON",SB23.134974,1983456,,,4.06302E+18
C00412098,#N/A,#N/A,ASSOCIATION OF KENTUCKY FRIED CHICKEN FRANCHISEES INC PAC,U,N,M6,P2026,2.02606E+17,24K,CCM,FLINT FOR MONTANA,KALISPELL,MT,59901,,,5192026,2500,C00941575,H6MT01152,"FLINT, AARON",EB9758,1984009,,,4.06172E+18
C00816389,#N/A,#N/A,ELECTING REPUBLICANS INDIANA PAC,U,N,Q2,P2026,2.02607E+17,24K,CCM,FLINT FOR MONTANA,KALISPELL,MT,599012142,,,4282026,1500,C00941575,H6MT01152,"FLINT, AARON",B63A22A82CFBB4ECCBB7,1996021,,,4.07252E+18
C00113811,#N/A,#N/A,NATIONAL ELECTRICAL CONTRACTORS ASSOCIATION POLITICAL ACTION COMMITTEE,B,N,M4,P2026,2.02604E+17,24K,CCM,FLINT FOR MONTANA,KALISPELL,MT,59901,,,3312026,5000,C00941575,H6MT01152,"FLINT, AARON",B59CDE0CFDB474E4291C,1970280,,,4.05282E+18
C00236489,#N/A,#N/A,"KOCH, INC. POLITICAL ACTION COMMITTEE (KOCHPAC)",B,N,M4,P2026,2.02604E+17,24K,CCM,FLINT FOR MONTANA,KALISPELL,MT,599012142,,,3262026,2500,C00941575,H6MT01152,"FLINT, AARON",E0B3E9FDC324C58BA5A,1969433,,,4.06022E+18
C00199711,#N/A,#N/A,HEALTH CARE SERVICE CORPORATION EMPLOYEES' POLITICAL ACTION COMMITTEE,B,N,M7,G2026,2.02607E+17,24K,CCM,FLINT FOR MONTANA,KALISPELL,MT,59901,,,6152026,5000,C00941575,H6MT01152,"FLINT, AARON",B7BF7344F539C4C9199C,2000534,,,4.07302E+18
C00570226,#N/A,#N/A,SEAL PAC SUPPORTING ELECTING AMERICAN LEADERS PAC,U,N,M4,G2026,2.02604E+17,24K,CCM,FLINT FOR MONTANA,KALISPELL,MT,599012142,,,3032026,5000,C00941575,H6MT01152,"FLINT, AARON",B6C2F8610CC724A8388F,1970175,,,4.05272E+18
C00570226,#N/A,#N/A,SEAL PAC SUPPORTING ELECTING AMERICAN LEADERS PAC,U,N,M4,P2026,2.02604E+17,24K,CCM,FLINT FOR MONTANA,KALISPELL,MT,599012142,,,3032026,5000,C00941575,H6MT01152,"FLINT, AARON",BE7990469BE4F47ABA2A,1970175,,,4.05272E+18
C00149104,#N/A,#N/A,CHS INC. POLITICAL ACTION COMMITTEE,B,N,M7,P2026,2.02607E+17,24K,CCM,FLINT FOR MONTANA,KALISPELL,MT,599012142,,,6012026,5000,C00941575,H6MT01152,"FLINT, AARON",B9B78106E84193F0E62,1999957,,,4.08012E+18
C00089136,#N/A,#N/A,"ALTRIA GROUP,  INC. POLITICAL ACTION COMMITTEE (ALTRIAPAC)",B,N,M7,G2026,2.02607E+17,24K,CCM,FLINT FOR MONTANA,KALISPELL,MT,59901,,,6162026,1000,C00941575,H6MT01152,"FLINT, AARON",BD017F4BCC57B437096F,1999969,,,4.08012E+18
C00639229,#N/A,#N/A,AMERICAN REVIVAL PAC,U,N,M7,G2026,2.02607E+17,24K,CCM,FLINT FOR MONTANA,KALISPELL,MT,59901,,,6032026,5000,C00941575,H6MT01152,"FLINT, AARON",SB23.I11051,2000063,,,4.07312E+18
C00639229,#N/A,#N/A,AMERICAN REVIVAL PAC,U,A,M4,P2026,2.02607E+17,24K,CCM,FLINT FOR MONTANA,KALISPELL,MT,59901,,,3092026,5000,C00941575,H6MT01152,"FLINT, AARON",SB23.I10395,2003361,,,4.08012E+18
C00009985,#N/A,#N/A,NATIONAL ASSOCIATION OF BROADCASTERS POLITICAL ACTION COMMITTEE (NABPAC),B,N,M4,P2026,2.02604E+17,24K,CCM,FLINT FOR MONTANA,KALISPELL,MT,59901,,,3252026,2500,C00941575,H6MT01152,"FLINT, AARON",BEC2E29C14CB745EE91F,1970368,,,4.05282E+18
C00767640,#N/A,#N/A,RANGER PAC,U,N,M4,P2026,2.02604E+17,24K,CCM,FLINT FOR MONTANA,KALISPELL,MT,599012142,,,3132026,5000,C00941575,H6MT01152,"FLINT, AARON",B0EA3F893BA3D4A8DAEF,1970145,,,4.05282E+18
C00010868,#N/A,#N/A,AMERICAN COUNCIL OF ENGINEERING COMPANIES (ACEC/PAC),B,A,M7,P2026,2.02607E+17,24K,CCM,FLINT FOR MONTANA,KALISPELL,MT,59901,,,6012026,2500,C00941575,H6MT01152,"FLINT, AARON",B8B0864056B7B4DE2960,2000648,,,4.08032E+18
C00010868,#N/A,#N/A,AMERICAN COUNCIL OF ENGINEERING COMPANIES (ACEC/PAC),B,A,M7,G2026,2.02607E+17,24K,CCM,FLINT FOR MONTANA,KALISPELL,MT,59901,,,6122026,2500,C00941575,H6MT01152,"FLINT, AARON",B8DBD01A6AF73432D844,2000648,,,4.08032E+18
C00028787,#N/A,#N/A,NATIONAL CATTLEMEN'S BEEF ASSOCIATION POLITICAL ACTION COMMITTEE (NCBA-PAC),B,N,M8,G2026,2.02608E+17,24K,CCM,FLINT FOR MONTANA,KALISPELL,MT,59901,,,7232026,5000,C00941575,H6MT01152,"FLINT, AARON",12394481,2004407,,,4.08212E+18
C00252940,#N/A,#N/A,LEAGUE OF CONSERVATION VOTERS ACTION FUND,B,N,M4,P2026,2.02604E+17,24K,ORG,"LEAGUE OF CONSERVATION VOTERS, INC.",WASHINGTON,DC,200051048,,,3252026,50,C00941708,S6MT00287,"BODNAR, SETH",500552937,1968738,,,4.05262E+18
C00252940,#N/A,#N/A,LEAGUE OF CONSERVATION VOTERS ACTION FUND,B,N,M6,P2026,2.02606E+17,24Z,ORG,"LEAGUE OF CONSERVATION VOTERS, INC.",WASHINGTON,DC,200051048,,,5122026,75,C00933473,H6MT01145,"BUSSE, RYAN",500561002,1984348,,,4.07122E+18
C00252940,#N/A,#N/A,LEAGUE OF CONSERVATION VOTERS ACTION FUND,B,N,M5,P2026,2.02605E+17,24K,ORG,"LEAGUE OF CONSERVATION VOTERS, INC.",WASHINGTON,DC,200051048,,,4082026,50,C00932822,H6MT01137,"FORSTAG, SAMUEL KELLEY",500557189,1976401,,,4.06122E+18
C00252940,#N/A,#N/A,LEAGUE OF CONSERVATION VOTERS ACTION FUND,B,N,M5,P2026,2.02605E+17,24K,ORG,"LEAGUE OF CONSERVATION VOTERS, INC.",WASHINGTON,DC,200051048,,,4092026,50,C00924258,H0MT00116,"RAINS, MATTHEW",500557191,1976401,,,4.06122E+18
C00252940,#N/A,#N/A,LEAGUE OF CONSERVATION VOTERS ACTION FUND,B,N,M5,P2026,2.02605E+17,24K,ORG,"LEAGUE OF CONSERVATION VOTERS, INC.",WASHINGTON,DC,200051048,,,4092026,50,C00902395,H6MT01103,"CLEVELAND, RUSSELL TYLER",500557192,1976401,,,4.06122E+18
C00252940,#N/A,#N/A,LEAGUE OF CONSERVATION VOTERS ACTION FUND,B,N,M5,P2026,2.02605E+17,24K,ORG,"LEAGUE OF CONSERVATION VOTERS, INC.",WASHINGTON,DC,200051048,,,4142026,50,C00933473,H6MT01145,"BUSSE, RYAN",500557194,1976401,,,4.06122E+18
C00005157,#N/A,#N/A,INTERNATIONAL BROTHERHOOD OF BOILERMAKERS CAMPAIGN ASSISTANCE FUND,B,N,M6,P2026,2.02606E+17,24K,CCM,LUX FOR MONTANA,GREAT FALLS,MT,59406,,,5182026,5000,C00913327,H6MT02143,"LUX, SAM",B924017,1983930,,,4.07012E+18
C00195024,#N/A,#N/A,MARYLAND ASSOCIATION FOR CONCERNED CITIZENS POLITICAL ACTION COMMITTEE,U,N,Q2,P2026,2.02607E+17,24K,CCM,MATT RAINS FOR MONTANA,MISSOULA,MT,59806,,,4172026,2000,C00924258,H0MT00116,"RAINS, MATTHEW",SB23.7278,1994838,,,4.07272E+18
C00527663,#N/A,#N/A,MONTPAC-MONTANA MEDICAL ASSOCIATION (MMA),U,N,Q2,P2026,2.02607E+17,24K,CAN,"OLSZEWSKI, ALBERT",KALISPELL,MT,599041243,,,5122026,250,C00783381,H2MT02084,"OLSZEWSKI, ALBERT",SB23.6373,1988314,,,4.07142E+18
C00545202,#N/A,#N/A,THE CENTER FOR FREETHOUGHT EQUALITY PAC,U,N,12P,P2026,2.02605E+17,24K,CCM,RYAN BUSSE FOR MONTANA,MISSOULA,MT,50806,,,5112026,1000,C00933473,H6MT01145,"BUSSE, RYAN",B923547,1978324,,,4.06172E+18
C00252940,#N/A,#N/A,LEAGUE OF CONSERVATION VOTERS ACTION FUND,B,N,M6,P2026,2.02606E+17,24K,CCM,RYAN BUSSE FOR MONTANA,MISSOULA,MT,598061046,,,5152026,4800,C00933473,H6MT01145,"BUSSE, RYAN",500561026,1984348,,,4.07122E+18
C00002469,#N/A,#N/A,MACHINISTS NON PARTISAN POLITICAL LEAGUE OF THE INTERNATIONAL ASSOCIATION OF MACHINISTS & AEROSPACE WORKERS,B,N,M4,P2026,2.02604E+17,24K,CCM,SAM FOR MONTANA,MISSOULA,MT,59807,,,3132026,5000,C00932822,H6MT01137,"FORSTAG, SAMUEL KELLEY",28119846,1958912,,,4.04082E+18
C00002469,#N/A,#N/A,MACHINISTS NON PARTISAN POLITICAL LEAGUE OF THE INTERNATIONAL ASSOCIATION OF MACHINISTS & AEROSPACE WORKERS,B,N,M4,G2026,2.02604E+17,24K,CCM,SAM FOR MONTANA,MISSOULA,MT,59807,,,3132026,5000,C00932822,H6MT01137,"FORSTAG, SAMUEL KELLEY",28119847,1958912,,,4.04082E+18
C00723577,#N/A,#N/A,PROTECTING AMERICANS CHALLENGING OPPRESSION (PACO) PAC,U,N,Q1,P2026,2.02604E+17,24K,CCM,SAM FOR MONTANA,MISSOULA,MT,59807,,,3302026,1000,C00932822,H6MT01137,"FORSTAG, SAMUEL KELLEY",EB242,1959293,,,4.04092E+18
C00727784,#N/A,#N/A,SERVICE FIRST PAC,U,N,M7,G2026,2.02607E+17,24K,CCM,SAM FOR MONTANA,MISSOULA,MT,598077224,,,6262026,1000,C00932822,H6MT01137,"FORSTAG, SAMUEL KELLEY",500596100,2000093,,,4.07312E+18
C00573261,#N/A,#N/A,END CITIZENS UNITED,U,N,M7,G2026,2.02607E+17,24K,CCM,SAM FOR MONTANA,MISSOULA,MT,598077224,,,6292026,2500,C00932822,H6MT01137,"FORSTAG, SAMUEL KELLEY",500262251,2000478,,,4.07292E+18
C00027342,#N/A,#N/A,INTERNATIONAL BROTHERHOOD OF ELECTRICAL WORKERS POLITICAL ACTION COMMITTEE,B,N,M6,P2026,2.02606E+17,24K,CCM,SAM FOR MONTANA,MISSOULA,MT,59807,,,5042026,5000,C00932822,H6MT01137,"FORSTAG, SAMUEL KELLEY",91182251,1983291,,2026 VOLUNTARY FEDERAL PRIMARY,4.06302E+18
C00830182,#N/A,#N/A,YINZER PAC,U,N,M4,P2026,2.02604E+17,24K,CCM,SAM FOR MONTANA,MISSOULA,MT,598077224,,,3202026,1000,C00932822,H6MT01137,"FORSTAG, SAMUEL KELLEY",500477055,1968210,,,4.05062E+18
C00513176,#N/A,#N/A,CONGRESSIONAL PROGRESSIVE CAUCUS PAC,U,A,M3,P2026,2.02606E+17,24K,CCM,SAM FOR MONTANA,MISSOULA,MT,598077224,,,2242026,5000,C00932822,H6MT01137,"FORSTAG, SAMUEL KELLEY",500548154,1985340,,,4.07132E+18
C00436188,#N/A,#N/A,ALLIANCE FOR RETIRED AMERICANS POLITICAL ACTION FUND,B,N,Q2,P2026,2.02607E+17,24K,CCM,SAM FOR MONTANA,MISSOULA,MT,59807,,,5132026,2500,C00932822,H6MT01137,"FORSTAG, SAMUEL KELLEY",SB23.101066,1993861,,,4.07282E+18
C00513176,#N/A,#N/A,CONGRESSIONAL PROGRESSIVE CAUCUS PAC,U,N,M7,G2026,2.02607E+17,24K,CCM,SAM FOR MONTANA,MISSOULA,MT,598077224,,,6172026,5000,C00932822,H6MT01137,"FORSTAG, SAMUEL KELLEY",500564859,1998984,,,4.07292E+18
C00005157,#N/A,#N/A,INTERNATIONAL BROTHERHOOD OF BOILERMAKERS CAMPAIGN ASSISTANCE FUND,B,N,M6,P2026,2.02606E+17,24K,CCM,SAM FOR MONTANA,MISSOULA,MT,59807,,,5182026,5000,C00932822,H6MT01137,"FORSTAG, SAMUEL KELLEY",B924016,1983930,,,4.07012E+18
C00028860,#N/A,#N/A,"AMERICAN FEDERATION OF TEACHERS, AFL-CIO COMMITTEE ON POLITICAL EDUCATION",U,N,M6,P2026,2.02606E+17,24K,CCM,SAM FOR MONTANA,MISSOULA,MT,59807,,,5272026,5000,C00932822,H6MT01137,"FORSTAG, SAMUEL KELLEY",SB23.12649,1986101,,,4.07132E+18
C00004036,#N/A,#N/A,SEIU COPE (SERVICE EMPLOYEES INTERNATIONAL UNION COMMITTEE ON POLITICAL EDUCATION),B,N,M6,P2026,2.02606E+17,24K,CCM,SAM FOR MONTANA,MISSOULA,MT,598077224,,,5132026,5000,C00932822,H6MT01137,"FORSTAG, SAMUEL KELLEY",500021602,1986140,,,4.07132E+18
C00318311,#N/A,#N/A,NATIONAL WEATHER SERVICE EMPLOYEES ORGANIZATION POLITICAL ACTION COMMITTEE,U,N,Q2,P2026,2.02607E+17,24K,CCM,SAM FOR MONTANA,MISSOULA,MT,59807,,,6162026,1000,C00932822,H6MT01137,"FORSTAG, SAMUEL KELLEY",SB23.20341,1990313,,,4.07172E+18
C00002089,#N/A,#N/A,COMMUNICATIONS WORKERS OF AMERICA - COPE POLITICAL CONTRIBUTIONS COMMITTEE,B,A,M6,P2026,2.02606E+17,24K,CCM,SAM FOR MONTANA,MISSOULA,MT,598077224,,,5282026,1000,C00932822,H6MT01137,"FORSTAG, SAMUEL KELLEY",500026860,1984986,,,4.07012E+18
C00002089,#N/A,#N/A,COMMUNICATIONS WORKERS OF AMERICA - COPE POLITICAL CONTRIBUTIONS COMMITTEE,B,A,M6,P2026,2.02606E+17,24K,CCM,SAM FOR MONTANA,MISSOULA,MT,598077224,,,5282026,4000,C00932822,H6MT01137,"FORSTAG, SAMUEL KELLEY",500026881,1984986,,,4.07012E+18
C00002089,#N/A,#N/A,COMMUNICATIONS WORKERS OF AMERICA - COPE POLITICAL CONTRIBUTIONS COMMITTEE,B,N,M8,G2026,2.02608E+17,24K,CCM,SAM FOR MONTANA,MISSOULA,MT,598077224,,,7162026,5000,C00932822,H6MT01137,"FORSTAG, SAMUEL KELLEY",500027024,2005052,,,4.08202E+18
C00771972,#N/A,#N/A,HEARTLAND PATRIOTS,U,N,Q1,P2026,2.02604E+17,24K,COM,SETH BODNAR FOR MONTANA,MISSOULA,MT,59807,,,3242026,5000,C00941708,S6MT00287,"BODNAR, SETH",D-33675-B,1966714,,,4.04292E+18
C00771972,#N/A,#N/A,HEARTLAND PATRIOTS,U,N,Q1,G2026,2.02604E+17,24K,COM,SETH BODNAR FOR MONTANA,MISSOULA,MT,59807,,,3302026,5000,C00941708,S6MT00287,"BODNAR, SETH",D-33674-B,1966714,,,4.04292E+18
C00029504,#N/A,#N/A,ENGINEERS POLITICAL EDUCATION COMMITTEE (EPEC)/INTERNATIONAL UNION OF OPERATING ENGINEERS,B,N,M7,G2026,2.02607E+17,24K,CCM,SETH BODNAR FOR MONTANA,MISSOULA,MT,59807,,,6192026,5000,C00941708,S6MT00287,"BODNAR, SETH",91360189,1999492,,,4.08122E+18
C00252940,#N/A,#N/A,LEAGUE OF CONSERVATION VOTERS ACTION FUND,B,N,M7,P2026,2.02607E+17,24K,CCM,SETH BODNAR FOR MONTANA,MISSOULA,MT,598077188,,,6012026,4950,C00941708,S6MT00287,"BODNAR, SETH",500565872,2000105,,,4.07312E+18
C00786186,#N/A,#N/A,CROSSPARTISAN PAC I,U,N,M4,P2026,2.02604E+17,24K,CCM,SETH BODNAR FOR MONTANA,MISSOULA,MT,59807,,,3062026,5000,C00941708,S6MT00287,"BODNAR, SETH",SB23.4738,1968358,,,4.05272E+18
C00629709,#N/A,#N/A,NO LABELS PAC,U,N,M6,P2026,2.02606E+17,24K,CCM,SETH BODNAR FOR MONTANA,MISSOULA,MT,59807,,,5272026,5000,C00941708,S6MT00287,"BODNAR, SETH",SB23.4943,1984456,,,4.07122E+18
C00629709,#N/A,#N/A,NO LABELS PAC,U,N,M6,G2026,2.02606E+17,24K,CCM,SETH BODNAR FOR MONTANA,MISSOULA,MT,59807,,,5272026,5000,C00941708,S6MT00287,"BODNAR, SETH",SB23.4944,1984456,,,4.07122E+18
C00024521,#N/A,#N/A,AMERICAN ASSOCIATION FOR JUSTICE POLITICAL ACTION COMMITTEE (AAJ PAC),B,N,M4,G2025,2.02604E+17,24K,CCM,SETH BODNAR FOR MONTANA,MISSOULA,MT,59807,,,3182026,1000,C00941708,S6MT00287,"BODNAR, SETH",24652056,1968130,,GENERAL 2026 / SENATE,4.05202E+18
C00328211,#N/A,#N/A,MAX'S PAC,U,N,M6,P2026,2.02606E+17,24K,CCM,SETH BODNAR FOR MONTANA,MISSOULA,MT,59807,,,5052026,5000,C00941708,S6MT00287,"BODNAR, SETH",B-106,1985463,,,4.07122E+18
C00328211,#N/A,#N/A,MAX'S PAC,U,N,M7,G2026,2.02607E+17,24K,CCM,SETH BODNAR FOR MONTANA,MISSOULA,MT,59807,,,6122026,5000,C00941708,S6MT00287,"BODNAR, SETH",B-115,2000166,,,4.07312E+18
C00637504,#N/A,#N/A,SOCIAL SECURITY WORKS PAC,B,N,M7,G2026,2.02607E+17,24K,ORG,SOCIAL SECURITY WORKS,WASHINGTON,DC,200387380,,,6042026,150,C00932822,H6MT01137,"FORSTAG, SAMUEL KELLEY",500837946,1998788,,,4.07292E+18
C00637504,#N/A,#N/A,SOCIAL SECURITY WORKS PAC,B,N,M7,G2026,2.02607E+17,24K,ORG,SOCIAL SECURITY WORKS,WASHINGTON,DC,200387380,,,6052026,75,C00932822,H6MT01137,"FORSTAG, SAMUEL KELLEY",500837947,1998788,,,4.07292E+18
C00283523,#N/A,#N/A,DALLAS ENTREPRENEUR POLITICAL ACTION COMMITTEE,U,N,Q2,G2026,2.02607E+17,24K,COM,TEAM ALME,ALEXANDRIA,VA,22314,,,6252026,2500,C00942060,S6MT00295,"ALME, KURT",SB23.7183,1991271,,,4.07172E+18
C00197095,#N/A,#N/A,THE NORTHWESTERN MUTUAL LIFE INSURANCE COMPANY POLITICAL ACTION COMMITTEE (NMPAC),B,N,M3,P2026,2.02503E+17,24K,CCM,TROY DOWNING FOR CONGRESS,BILLINGS,MT,59104,,,2182025,1000,C00855288,H4MT02098,"DOWNING, TROY",57DEE0AB8397B1E86B1,1879916,,,4.03112E+18
C00127779,#N/A,#N/A,PRUDENTIAL FINANCIAL INC. FEDERAL POLITICAL ACTION COMMITTEE (AKA - PRUDENTIAL FEDERAL PAC),B,N,M4,P2026,2.02504E+17,24K,CCM,TROY DOWNING FOR CONGRESS,HELENA,MD,59624,,,3112025,1000,C00855288,H4MT02098,"DOWNING, TROY",23557716,1884701,,DIRECT CONTRIBUTION,4.04092E+18
C00028787,#N/A,#N/A,NATIONAL CATTLEMEN'S BEEF ASSOCIATION POLITICAL ACTION COMMITTEE (NCBA-PAC),B,N,M4,P2026,2.02504E+17,24K,CCM,TROY DOWNING FOR CONGRESS,HELENA,MT,59624,,,3032025,5000,C00855288,H4MT02098,"DOWNING, TROY",12064422,1883758,,,4.04032E+18
C00171843,#N/A,#N/A,LIBERTY MUTUAL INSURANCE COMPANY - PAC,B,N,M4,P2026,2.02504E+17,24K,CCM,TROY DOWNING FOR CONGRESS,BILLINGS,MT,59104,,,3252025,1000,C00855288,H4MT02098,"DOWNING, TROY",12073332,1883883,,CONTRIBUTION,4.04032E+18
C00164145,#N/A,#N/A,UNITED SERVICES AUTOMOBILE ASSOCIATION EMPLOYEE PAC - USAA EMPLOYEE PAC,B,N,M4,P2026,2.02504E+17,24K,CCM,TROY DOWNING FOR CONGRESS,BILLINGS,MT,59104,,,3242025,2500,C00855288,H4MT02098,"DOWNING, TROY",0CE596FB1B7425AF6A6,1888491,,,4.04172E+18
C00095109,#N/A,#N/A,AZOA SERVICES CORP. POLITICAL ACTION COMMITTEE (ALLIANZ OF AMERICA PAC),B,N,M4,G2026,2.02504E+17,24K,CCM,TROY DOWNING FOR CONGRESS,BILLINGS,MT,59104,,,3202025,1000,C00855288,H4MT02098,"DOWNING, TROY",23655294,1888785,,,4.04212E+18
C00213173,#N/A,#N/A,K&L GATES LLP POLITICAL ACTION COMMITTEE (DC),B,N,M3,P2024,2.02503E+17,24K,CCM,TROY DOWNING FOR CONGRESS,BILLINGS,MT,59104,,,2062025,1000,C00855288,H4MT02098,"DOWNING, TROY",SB23.61906,1880682,,,4.03172E+18
C00211318,#N/A,#N/A,DELOITTE POLITICAL ACTION COMMITTEE,B,N,M2,P2026,2.02502E+17,24K,CCM,TROY DOWNING FOR CONGRESS,BILLINGS,MT,59104,,,1242025,2500,C00855288,H4MT02098,"DOWNING, TROY",733C5F7718859FD19EE,1877022,,,4.02192E+18
C00387753,#N/A,#N/A,SECURITY FINANCE CORPORATION OF SPARTANBURG AND AFFILIATES POLITICAL ACTION COMMITTEE,B,N,M4,P2026,2.02504E+17,24K,CCM,TROY DOWNING FOR CONGRESS,BILLINGS,MT,59104,,,3142025,1000,C00855288,H4MT02098,"DOWNING, TROY",89779775,1884467,,CONTRIBUTION,4.04082E+18
C00022343,#N/A,#N/A,"INDEPENDENT INSURANCE AGENTS & BROKERS OF AMERICA, INC. POLITICAL ACTION COMMITTEE (INSURPAC)",B,N,M3,P2026,2.02503E+17,24K,CCM,TROY DOWNING FOR CONGRESS,HELENA,MT,59624,,,2282025,1500,C00855288,H4MT02098,"DOWNING, TROY",20659942,1880926,,,4.03182E+18
C00158881,#N/A,#N/A,NEW YORK LIFE INSURANCE COMPANY POLITICAL ACTION COMMITTEE,B,N,M4,P2024,2.02504E+17,24K,CCM,TROY DOWNING FOR CONGRESS,BILLINGS,MT,59104,,,3252025,3000,C00855288,H4MT02098,"DOWNING, TROY",23570954,1888319,,CONTRIBUTION,4.04172E+18
C00488882,#N/A,#N/A,U.S. BANCORP FEDERAL POLITICAL ACTION COMMITTEE,B,N,M4,P2026,2.02504E+17,24K,CCM,TROY DOWNING FOR CONGRESS,BILLINGS,MT,59104,,,3172025,1000,C00855288,H4MT02098,"DOWNING, TROY",B49B360BF477746E6B26,1886669,,,4.04162E+18
C00361758,#N/A,#N/A,"T-MOBILE US, INC.  POLITICAL ACTION COMMITTEE (T-PAC)",B,N,M3,P2026,2.02503E+17,24K,CCM,TROY DOWNING FOR CONGRESS,BILLINGS,MT,59104,,,2262025,1000,C00855288,H4MT02098,"DOWNING, TROY",4E07802BB455F4CD56D,1879445,,,4.03052E+18
C00361758,#N/A,#N/A,"T-MOBILE US, INC.  POLITICAL ACTION COMMITTEE (T-PAC)",B,N,M4,P2026,2.02504E+17,24K,CCM,TROY DOWNING FOR CONGRESS,BILLINGS,MT,59104,,,3052025,500,C00855288,H4MT02098,"DOWNING, TROY",3A93E1D1EBAE9BA03DF,1886997,,,4.04172E+18
C00186064,#N/A,#N/A,"FEDERAL BIPARTISAN VOLUNTARY PUBLIC AFFAIRS COMMITTEE OF THE PNC FINANCIAL SERVICES GROUP, INC. (PNC",B,N,M4,P2026,2.02504E+17,24K,CCM,TROY DOWNING FOR CONGRESS,LYNDORA,PA,160450476,,,3272025,2500,C00855288,H4MT02098,"DOWNING, TROY",B39BEAE4C45BF4E158CC,1889008,,,4.04232E+18
C00007880,#N/A,#N/A,"AMERICA'S CREDIT UNIONS PAC OF CREDIT UNION NATIONAL ASSOCIATION, INC.",B,A,M3,P2026,2.02504E+17,24K,CCM,TROY DOWNING FOR CONGRESS,HELENA,MT,59624,,,2272025,3500,C00855288,H4MT02098,"DOWNING, TROY",7051616,1889297,,,4.04242E+18
C00411116,#N/A,#N/A,SPACE EXPLORATION TECHNOLOGIES CORP. PAC,B,N,M4,P2026,2.02504E+17,24K,CCM,TROY DOWNING FOR CONGRESS,BILLINGS,MT,59104,,,3282025,2500,C00855288,H4MT02098,"DOWNING, TROY",B23A81739CD77407F9AA,1888954,,,4.04182E+18
C00033423,#N/A,#N/A,"HSBC TECHNOLOGY AND SERVICES USA INC. FEDERAL, STATE, AND LOCAL PAC (HSBC COMBINED PAC)",B,N,M4,P2026,2.02504E+17,24K,CCM,TROY DOWNING FOR CONGRESS,HELENA,MT,59624,,,3132025,1000,C00855288,H4MT02098,"DOWNING, TROY",B897011,1889092,,,4.04232E+18
C00491951,#N/A,#N/A,NOMURA HOLDING AMERICA INC. POLITICAL ACTION COMMITTEE (NOMURAPAC),U,N,M4,O2025,2.02504E+17,24K,CCM,TROY DOWNING FOR CONGRESS,BILLINGS,MT,59104,,,3312025,1000,C00855288,H4MT02098,"DOWNING, TROY",B294AB0911609445EB7F,1889572,,,4.04242E+18
C00432252,#N/A,#N/A,REGIONS FINANCIAL CORPORATION POLITICAL ACTION COMMITTEE,B,N,M3,P2026,2.02503E+17,24K,CCM,TROY DOWNING FOR CONGRESS,BILLINGS,MT,59104,,,2212025,2000,C00855288,H4MT02098,"DOWNING, TROY",BE73FFBDC8D514AA4A00,1881639,,,4.03202E+18
C00497917,#N/A,#N/A,DEPOSITORY TRUST AND CLEARING CORPORATION PAC - DTCC PAC; THE,B,N,M4,P2026,2.02504E+17,24K,CCM,TROY DOWNING FOR CONGRESS,HELENA,MT,596240322,,,3062025,1000,C00855288,H4MT02098,"DOWNING, TROY",BA4E8F151FA674FD687D,1889386,,,4.04242E+18
C00253369,#N/A,#N/A,"INVESCO HOLDING COMPANY (US), INC. EMPLOYEE POLITICAL ACTION COMMITTEE",B,N,M4,P2026,2.02504E+17,24K,CCM,TROY DOWNING FOR CONGRESS,BILLINGS,MT,59104,,,3262025,2500,C00855288,H4MT02098,"DOWNING, TROY",32D9315AF24A5261848,1889393,,,4.04242E+18
C00199711,#N/A,#N/A,HEALTH CARE SERVICE CORPORATION EMPLOYEES' POLITICAL ACTION COMMITTEE,B,N,M4,P2026,2.02504E+17,24K,CCM,TROY DOWNING FOR CONGRESS,HELENA,MT,596240322,,,3042025,2500,C00855288,H4MT02098,"DOWNING, TROY",BEFF25B53762C4E66A9F,1889032,,,4.04232E+18
C00147173,#N/A,#N/A,"WINE AND SPIRITS WHOLESALERS OF AMERICA, INC. POLITICAL ACTION COMMITTEE",B,N,M3,P2026,2.02503E+17,24K,CCM,TROY DOWNING FOR CONGRESS,BILLINGS,MT,59104,,,2242025,1000,C00855288,H4MT02098,"DOWNING, TROY",51398112,1881801,,,4.03202E+18
C00346353,#N/A,#N/A,"CRH AMERICAS, INC. PAC",B,A,M2,P2026,2.02503E+17,24K,CCM,TROY DOWNING FOR CONGRESS,BILLINGS,MT,59104,,,1092025,2000,C00855288,H4MT02098,"DOWNING, TROY",4ACDE47357881BC93D2,1881496,,,4.03202E+18
C00022343,#N/A,#N/A,"INDEPENDENT INSURANCE AGENTS & BROKERS OF AMERICA, INC. POLITICAL ACTION COMMITTEE (INSURPAC)",B,N,M4,P2026,2.02504E+17,24K,CCM,TROY DOWNING FOR CONGRESS,HELENA,MT,59624,,,3132025,3500,C00855288,H4MT02098,"DOWNING, TROY",20674413,1888987,,,4.04232E+18
C00030718,#N/A,#N/A,NATIONAL ASSOCIATION OF REALTORS POLITICAL ACTION COMMITTEE,B,N,M4,P2026,2.02504E+17,24K,CCM,TROY DOWNING FOR CONGRESS,HELENA,MT,59624,,,3192025,2000,C00855288,H4MT02098,"DOWNING, TROY",B5C79365E9EBF44A0ABA,1889052,,,4.04232E+18
C00035451,#N/A,#N/A,AIR LINE PILOTS ASSOCIATION PAC,B,N,M4,P2024,2.02504E+17,24K,CCM,TROY DOWNING FOR CONGRESS,HELENA,MT,59624,,,3242025,1000,C00855288,H4MT02098,"DOWNING, TROY",20701104,1889335,,DEBT RETIREMENT,4.04232E+18
C00104299,#N/A,#N/A,JPMORGAN CHASE & CO. FEDERAL POLITICAL ACTION COMMITTEE,B,N,M3,P2026,2.02503E+17,24K,CCM,TROY DOWNING FOR CONGRESS,BILLINGS,MT,59104,,,2272025,1000,C00855288,H4MT02098,"DOWNING, TROY",64A87ECD26A5593E4D7,1881809,,EARMARKED BY UNKNOWN UNKNOWN,4.03202E+18
C00486217,#N/A,#N/A,LPL FINANCIAL LLC POLITICAL ACTION COMMITTEE (LPL PAC),B,N,M4,P2026,2.02504E+17,24K,CCM,TROY DOWNING FOR CONGRESS,BILLINGS,MT,59104,,,3262025,1000,C00855288,H4MT02098,"DOWNING, TROY",B2096C346FD084D0498F,1888996,,,4.04232E+18
C00235739,#N/A,#N/A,BNSF RAILWAY COMPANY RAILPAC (BNSF RAILPAC),B,N,M3,P2024,2.02503E+17,24K,CCM,TROY DOWNING FOR CONGRESS,HELENA,MT,59624,,,2032025,5000,C00855288,H4MT02098,"DOWNING, TROY",B894829,1881602,,,4.03202E+18
C00122101,#N/A,#N/A,SAFARI CLUB INTERNATIONAL PAC (SCI-PAC),B,A,M3,P2026,2.02504E+17,24K,CCM,TROY DOWNING FOR CONGRESS,HELENA,MT,59624,,,2242025,5000,C00855288,H4MT02098,"DOWNING, TROY",SB23.36255,1889409,,,4.04242E+18
C00106146,#N/A,#N/A,AMERICAN HOSPITAL ASSOCIATION PAC,B,N,M3,P2026,2.02503E+17,24K,CCM,TROY DOWNING FOR CONGRESS,HELENA,MT,59624,,,2112025,2500,C00855288,H4MT02098,"DOWNING, TROY",27680867,1881541,,CONTRIBUTION,4.03202E+18
C00038604,#N/A,#N/A,AMERICAN FINANCIAL SERVICES ASSOCIATION PAC,U,A,M4,P2026,2.02505E+17,24K,CCM,TROY DOWNING FOR CONGRESS,BILLINGS,MT,59104,,,3202025,1000,C00855288,H4MT02098,"DOWNING, TROY",BA8D6CAF9486E42579E0,1891220,,,4.05062E+18
C00023028,#N/A,#N/A,NATIONAL COTTON COUNCIL OF AMERICA COMMITTEE FOR THE ADVANCEMENT OF COTTON,U,N,Q1,P2026,2.02504E+17,24K,CCM,TROY DOWNING FOR CONGRESS,BILLINGS,MT,59104,,,3042025,1000,C00855288,H4MT02098,"DOWNING, TROY",12065353,1885986,,,4.04152E+18
C00040535,#N/A,#N/A,AMERICAN EXPRESS COMPANY POLITICAL ACTION COMMITTEE (AXPPAC),B,N,M4,P2026,2.02504E+17,24K,CCM,TROY DOWNING FOR CONGRESS,HELENA,MT,59624,,,3202025,3500,C00855288,H4MT02098,"DOWNING, TROY",B897601,1886012,,,4.04152E+18
C00107235,#N/A,#N/A,PRICEWATERHOUSECOOPERS POLITICAL ACTION COMMITTEE I,B,N,M4,P2026,2.02504E+17,24K,CCM,TROY DOWNING FOR CONGRESS,BILLINGS,MT,59104,,,3142025,2000,C00855288,H4MT02098,"DOWNING, TROY",9E3BD3A503E7B9A98DE,1889469,,,4.04242E+18
C00107235,#N/A,#N/A,PRICEWATERHOUSECOOPERS POLITICAL ACTION COMMITTEE I,B,N,M2,G2024,2.02502E+17,24K,CCM,TROY DOWNING FOR CONGRESS,BILLINGS,MT,59104,,,1242025,2500,C00855288,H4MT02098,"DOWNING, TROY",F12CE28FA468DF70867,1878145,,,4.02212E+18
C00406215,#N/A,#N/A,NATIONWIDE MUTUAL INSURANCE COMPANY FINANCIAL & INVESTMENTS POLITICAL ACTION COMMITTEE,B,N,M10,P2026,2.0251E+17,24K,CCM,TROY DOWNING FOR CONGRESS,BILLINGS,MT,591040333,,,9292025,1000,C00855288,H4MT02098,"DOWNING, TROY",569882B95993DC020B5,1922202,,,4.12032E+18
C00280222,#N/A,#N/A,KPMG PARTNERS/PRINCIPALS AND EMPLOYEES PAC,B,N,M8,P2026,2.02508E+17,24K,CCM,TROY DOWNING FOR CONGRESS,BILLINGS,MT,59104,,,7172025,5000,C00855288,H4MT02098,"DOWNING, TROY",CDF1839070AC4BBB64C,1911973,,,4.08202E+18
C00280222,#N/A,#N/A,KPMG PARTNERS/PRINCIPALS AND EMPLOYEES PAC,B,N,M8,G2026,2.02508E+17,24K,CCM,TROY DOWNING FOR CONGRESS,BILLINGS,MT,59104,,,7172025,1000,C00855288,H4MT02098,"DOWNING, TROY",053B3B2EB1431696F04,1911973,,,4.08202E+18
C00034785,#N/A,#N/A,ACPAC ACA INTERNATIONAL POLITICAL ACTION COMMITTEE,B,N,MY,P2026,2.02507E+17,24K,CCM,TROY DOWNING FOR CONGRESS,BILLINGS,MT,59104,,,5082025,1000,C00855288,H4MT02098,"DOWNING, TROY",B8F7FEA077922470E95B,1909200,,,4.08122E+18
C00144766,#N/A,#N/A,NATIONAL BEER WHOLESALERS ASSOCIATION POLITICAL ACTION COMMITTEE,B,A,M9,P2026,2.02509E+17,24K,CCM,TROY DOWNING FOR CONGRESS,BILLINGS,MT,59104,,,8272025,1500,C00855288,H4MT02098,"DOWNING, TROY",BBF1648DAB14A4AFC90D,1916865,,,4.09292E+18
C00035535,#N/A,#N/A,CONSUMER BANKERS ASSOCIATION PAC,B,N,M8,P2026,2.02508E+17,24K,CCM,TROY DOWNING FOR CONGRESS,BILLINGS,MT,59104,,,7032025,1000,C00855288,H4MT02098,"DOWNING, TROY",B-IE,1911749,,,4.08192E+18
C00633354,#N/A,#N/A,STRUCTURED FINANCE COALITION POLITICAL ACTION COMMITTEE (STRUCTURED FINANCE PAC),B,N,M7,P2026,2.02507E+17,24K,PAC,TROY DOWNING FOR CONGRESS,BILLINGS,MT,59104,,,6112025,2500,C00855288,H4MT02098,"DOWNING, TROY",SB23.5297,1905013,,,4.07232E+18
C00820100,#N/A,#N/A,HELPING EXCEPTIONAL LEADERS ORGANIZE PAC (HELO PAC),U,N,MY,P2026,2.02507E+17,24K,CCM,TROY DOWNING FOR CONGRESS,BILLINGS,MT,59104,,,6272025,1000,C00855288,H4MT02098,"DOWNING, TROY",SB23.009,1908424,,,4.08042E+18
C00105981,#N/A,#N/A,INVESTMENT COMPANY INSTITUTE POLITICAL ACTION COMMITTEE (ICI PAC),B,N,M5,P2021,2.02505E+17,24K,CCM,TROY DOWNING FOR CONGRESS,HELENA,MT,59624,,,4032025,1000,C00855288,H4MT02098,"DOWNING, TROY",20704799,1893225,,,4.05202E+18
C00105981,#N/A,#N/A,INVESTMENT COMPANY INSTITUTE POLITICAL ACTION COMMITTEE (ICI PAC),B,N,M5,P2021,2.02505E+17,24K,CCM,TROY DOWNING FOR CONGRESS,HELENA,MT,59624,,,4032025,1000,C00855288,H4MT02098,"DOWNING, TROY",20704800,1893225,,,4.05202E+18
C00109991,#N/A,#N/A,SMALL BUSINESS INVESTOR ALLIANCE PAC,B,N,MY,P2026,2.02507E+17,24K,CCM,TROY DOWNING FOR CONGRESS,BILLINGS,MT,59104,,,3142025,1000,C00855288,H4MT02098,"DOWNING, TROY",SB23.7407,1908673,,,4.08072E+18
C00004994,#N/A,#N/A,NATIONAL ASSOCIATION OF PROFESSIONAL INSURANCE AGENTS POLITICAL ACTION COMMITTEE (PIAPAC),B,N,M10,P2026,2.0251E+17,24K,CCM,TROY DOWNING FOR CONGRESS,BILLINGS,MT,59104,,,9102025,2500,C00855288,H4MT02098,"DOWNING, TROY",12178505,1917735,,CONTRIBUTION,4.11202E+18
C00540518,#N/A,#N/A,THE CAPITAL GROUP COMPANIES INC POLITICAL ACTION COMMITTEE,B,N,M10,P2026,2.0251E+17,24K,CCM,TROY DOWNING FOR CONGRESS,BILLINGS,MT,59104,,,9262025,2500,C00855288,H4MT02098,"DOWNING, TROY",BF3B7305B762D4314899,1922109,,,4.12032E+18
C00039578,#N/A,#N/A,THE COUNCIL OF INSURANCE AGENTS & BROKERS POLITICAL ACTION COMMITTEE,B,N,M10,P2026,2.0251E+17,24K,CCM,TROY DOWNING FOR CONGRESS,HELENA,MT,59624,,,9242025,2500,C00855288,H4MT02098,"DOWNING, TROY",51984141,1922120,,PAC CONTRIBUTION,4.12032E+18
C00078287,#N/A,#N/A,CNA FINANCIAL CORPORATION CITIZENS FOR GOOD GOVERNMENT,B,N,MY,P2024,2.02507E+17,24K,CCM,TROY DOWNING FOR CONGRESS,HELENA,MT,59624,,,2182025,2500,C00855288,H4MT02098,"DOWNING, TROY",B895502,1906619,,,4.07292E+18
C00078287,#N/A,#N/A,CNA FINANCIAL CORPORATION CITIZENS FOR GOOD GOVERNMENT,B,N,MY,P2024,2.02507E+17,24K,CCM,TROY DOWNING FOR CONGRESS,HELENA,MT,59624,,,3192025,2500,C00855288,H4MT02098,"DOWNING, TROY",B897531,1906619,,,4.07292E+18
C00164145,#N/A,#N/A,UNITED SERVICES AUTOMOBILE ASSOCIATION EMPLOYEE PAC - USAA EMPLOYEE PAC,B,N,M6,P2026,2.02506E+17,24K,CCM,TROY DOWNING FOR CONGRESS,BILLINGS,MT,59104,,,5062025,2500,C00855288,H4MT02098,"DOWNING, TROY",3FEE933A8B63B789AE2,1895857,,,4.06172E+18
C00303024,#N/A,#N/A,LOCKHEED MARTIN CORPORATION EMPLOYEES' POLITICAL ACTION COMMITTEE,B,N,M6,P2026,2.02506E+17,24K,CCM,TROY DOWNING FOR CONGRESS,BILLINGS,MT,59104,,,5072025,1000,C00855288,H4MT02098,"DOWNING, TROY",89956196,1896354,,2026 PRIMARY,4.06202E+18
C00326595,#N/A,#N/A,CAPITAL ONE FINANCIAL CORP. ASSOC. POLITICAL FUND,B,N,M6,P2026,2.02506E+17,24K,CCM,TROY DOWNING FOR CONGRESS,HELENA,MT,59624,,,5202025,1000,C00855288,H4MT02098,"DOWNING, TROY",B901351,1896641,,,4.06232E+18
C00540518,#N/A,#N/A,THE CAPITAL GROUP COMPANIES INC POLITICAL ACTION COMMITTEE,B,N,M8,P2026,2.02508E+17,24K,CCM,TROY DOWNING FOR CONGRESS,BILLINGS,MT,59104,,,7292025,1000,C00855288,H4MT02098,"DOWNING, TROY",BB5B355C17BFE435AA0E,1910557,,,4.08132E+18
C00064774,#N/A,#N/A,"NEXTERA ENERGY, INC. POLITICAL ACTION COMMITTEE",B,N,M9,G2024,2.02509E+17,24K,CCM,TROY DOWNING FOR CONGRESS,BILLINGS,MT,59104,,,8152025,3000,C00855288,H4MT02098,"DOWNING, TROY",7745A4956CF77D34877,1914875,,,4.09162E+18
C00878231,#N/A,#N/A,EXIGER LLC POLITICAL ACTION COMMITTEE (EXIGER PAC OR E-PAC),U,N,MY,P2026,2.02507E+17,24K,CCM,TROY DOWNING FOR CONGRESS,BILLINGS,MT,59104,,,5292025,2500,C00855288,H4MT02098,"DOWNING, TROY",1748548741657,1908153,,,4.07312E+18
C00431312,#N/A,#N/A,SECURITIES INDUSTRY AND FINANCIAL MARKETS ASSOCIATION POLITICAL ACTION COMMITTEE,B,N,M10,P2026,2.0251E+17,24K,CCM,TROY DOWNING FOR CONGRESS,BILLINGS,MT,591040333,,,9172025,-1000,C00855288,H4MT02098,"DOWNING, TROY",CFD610F5EFAD2E2CCCD,1919105,,,4.11252E+18
C00431312,#N/A,#N/A,SECURITIES INDUSTRY AND FINANCIAL MARKETS ASSOCIATION POLITICAL ACTION COMMITTEE,B,N,M10,P2026,2.0251E+17,24K,CCM,TROY DOWNING FOR CONGRESS,BILLINGS,MT,591040333,,,9182025,1000,C00855288,H4MT02098,"DOWNING, TROY",ECFF468823B34CFBF32,1919105,,,4.11252E+18
C00417634,#N/A,#N/A,WHOLESALE & SPECIALTY INSURANCE ASSOCIATION (WSIA) PAC,B,A,MY,P2026,2.02507E+17,24K,CCM,TROY DOWNING FOR CONGRESS,BILLINGS,MT,591040333,,,6172025,5000,C00855288,H4MT02098,"DOWNING, TROY",500772182,1907339,,,4.07312E+18
C00148031,#N/A,#N/A,CATERPILLAR INC. POLITICAL ACTION COMMITTEE (CATPAC),B,N,M10,P2026,2.0251E+17,24K,CCM,TROY DOWNING FOR CONGRESS,BILLINGS,MT,59104,,,9252025,2500,C00855288,H4MT02098,"DOWNING, TROY",B909201,1919176,,,4.11252E+18
C00280222,#N/A,#N/A,KPMG PARTNERS/PRINCIPALS AND EMPLOYEES PAC,B,N,M10,G2026,2.0251E+17,24K,CCM,TROY DOWNING FOR CONGRESS,BILLINGS,MT,591040333,,,9222025,2000,C00855288,H4MT02098,"DOWNING, TROY",C2F2E814FEB3BCD0026,1922519,,,4.12042E+18
C00199711,#N/A,#N/A,HEALTH CARE SERVICE CORPORATION EMPLOYEES' POLITICAL ACTION COMMITTEE,B,N,M11,P2026,2.02511E+17,24K,CCM,TROY DOWNING FOR CONGRESS,HELENA,MT,596240322,,,10212025,2500,C00855288,H4MT02098,"DOWNING, TROY",B9CFD968F05254D6292F,1925548,,,4.01132E+18
C00199711,#N/A,#N/A,HEALTH CARE SERVICE CORPORATION EMPLOYEES' POLITICAL ACTION COMMITTEE,B,N,M11,G2026,2.02511E+17,24K,CCM,TROY DOWNING FOR CONGRESS,HELENA,MT,596240322,,,10212025,2500,C00855288,H4MT02098,"DOWNING, TROY",B31EDAA573E81449C822,1925548,,,4.01132E+18
C00457234,#N/A,#N/A,"MARSH & MCLENNAN COMPANIES, INC. POLITICAL ACTION COMMITTEE (MARSH PAC)",B,N,MY,P2026,2.02507E+17,24K,CCM,TROY DOWNING FOR CONGRESS,BILLINGS,MT,59104,,,6252025,1000,C00855288,H4MT02098,"DOWNING, TROY",1CCD219EFFE2539102E,1907633,,,4.07312E+18
C00337626,#N/A,#N/A,MORGAN STANLEY POLITICAL ACTION COMMITTEE,B,N,M10,P2026,2.0251E+17,24K,CCM,TROY DOWNING FOR CONGRESS,BILLINGS,MT,591040333,,,9292025,2500,C00855288,H4MT02098,"DOWNING, TROY",94F7D9391E037BAAEB9,1922924,,,4.01072E+18
C00671693,#N/A,#N/A,INSTITUTE FOR PORTFOLIO ALTERNATIVES POLITICAL ACTION COMMITTEE (IPA PAC),B,N,MY,P2026,2.02507E+17,24K,CCM,TROY DOWNING FOR CONGRESS,BILLINGS,MT,59104,,,2062025,2500,C00855288,H4MT02098,"DOWNING, TROY",SB23.5250,1899116,,,4.07092E+18
C00035535,#N/A,#N/A,CONSUMER BANKERS ASSOCIATION PAC,B,A,M7,P2026,2.02508E+17,24K,CCM,TROY DOWNING FOR CONGRESS,BILLINGS,MT,59104,,,6262025,1000,C00855288,H4MT02098,"DOWNING, TROY",B-I4,1911009,,,4.08132E+18
C00101105,#N/A,#N/A,NATIONAL FEDERATION OF INDEPENDENT BUSINESS FEDERAL POLITICAL ACTION COMMITTEE,B,N,M8,P2026,2.02508E+17,24K,CCM,TROY DOWNING FOR CONGRESS,BILLINGS,MT,59104,,,7302025,1000,C00855288,H4MT02098,"DOWNING, TROY",6842F20610EB8B9CD24,1910857,,,4.08132E+18
C00511444,#N/A,#N/A,"THE HARTFORD INSURANCE GROUP, INC. FEDERAL PAC (AKA HARTFORD ADVOCATES FEDERAL FUND)",B,N,M10,P2026,2.0251E+17,24K,CCM,TROY DOWNING FOR CONGRESS,BILLINGS,MT,59104,,,9172025,2500,C00855288,H4MT02098,"DOWNING, TROY",BD0326E0EB08F4467A4F,1921999,,,4.12032E+18
C00149104,#N/A,#N/A,CHS INC. POLITICAL ACTION COMMITTEE,B,N,M10,P2026,2.0251E+17,24K,CCM,TROY DOWNING FOR CONGRESS,BILLINGS,MT,591040333,,,9162025,1000,C00855288,H4MT02098,"DOWNING, TROY",0CF7B7AA7EF0EFED8A3,1922663,,,4.12082E+18
C00410266,#N/A,#N/A,THE VANGUARD GROUP COMMITTEE FOR RESPONSIBLE GOVERNMENT,B,N,M7,P2026,2.02507E+17,24K,CCM,TROY DOWNING FOR CONGRESS,BILLINGS,MT,59104,,,6172025,1000,C00855288,H4MT02098,"DOWNING, TROY",BA2E60E04F21F48C4A16,1899261,,,4.07092E+18
C00883116,#N/A,#N/A,STRIPE INC. POLITICAL ACTION COMMITTEE,B,N,MY,G2024,2.02507E+17,24K,CCM,TROY DOWNING FOR CONGRESS,BILLINGS,MT,59104,,,1232025,1500,C00855288,H4MT02098,"DOWNING, TROY",23572047,1899316,,DEBT RETIREMENT,4.07102E+18
C00883116,#N/A,#N/A,STRIPE INC. POLITICAL ACTION COMMITTEE,B,N,MY,G2024,2.02507E+17,24K,CCM,TROY DOWNING FOR CONGRESS,BILLINGS,MT,59104,,,2272025,-1500,C00855288,H4MT02098,"DOWNING, TROY",23572048,1899316,,VOID -TROY DOWNING FOR CONGRESS,4.07102E+18
C00883116,#N/A,#N/A,STRIPE INC. POLITICAL ACTION COMMITTEE,B,N,MY,G2024,2.02507E+17,24K,CCM,TROY DOWNING FOR CONGRESS,BILLINGS,MT,59104,,,2272025,1500,C00855288,H4MT02098,"DOWNING, TROY",23572056,1899316,,DEBT RETIREMENT,4.07102E+18
C00107235,#N/A,#N/A,PRICEWATERHOUSECOOPERS POLITICAL ACTION COMMITTEE I,B,N,M10,G2026,2.0251E+17,24K,CCM,TROY DOWNING FOR CONGRESS,BILLINGS,MT,591040333,,,9282025,2500,C00855288,H4MT02098,"DOWNING, TROY",47A3B5F6605DDE2C301,1923083,,,4.01082E+18
C00107235,#N/A,#N/A,PRICEWATERHOUSECOOPERS POLITICAL ACTION COMMITTEE I,B,N,M10,P2026,2.0251E+17,24K,CCM,TROY DOWNING FOR CONGRESS,BILLINGS,MT,591040333,,,9282025,3000,C00855288,H4MT02098,"DOWNING, TROY",B19210AA90BC9F280DD,1923083,,,4.01082E+18
C00300178,#N/A,#N/A,WELLS FARGO AND COMPANY EMPLOYEES GOOD GOVERNMENT FEDERAL FUND II,B,N,M10,P2026,2.0251E+17,24K,CCM,TROY DOWNING FOR CONGRESS,BILLINGS,MT,591040333,,,9242025,3000,C00855288,H4MT02098,"DOWNING, TROY",141D8E0E093D1032CF0,1922638,,,4.12082E+18
C00426775,#N/A,#N/A,CHARTER COMMUNICATIONS INC. POLITICAL ACTION COMMITTEE,B,N,M10,P2026,2.0251E+17,24K,CCM,TROY DOWNING FOR CONGRESS,BILLINGS,MT,591040333,,,9242025,2500,C00855288,H4MT02098,"DOWNING, TROY",557CCB258F485B77264,1922829,,,4.01052E+18
C00313700,#N/A,#N/A,TRANSUNION POLITICAL ACTION COMMITTEE (TU PAC),B,N,MY,P2026,2.02507E+17,24K,CCM,TROY DOWNING FOR CONGRESS,BILLINGS,MT,59104,,,3112025,1000,C00855288,H4MT02098,"DOWNING, TROY",18633819,1907238,,CONTRIBUTIONS TO FEDERAL CANDIDATES,4.07302E+18
C00114025,#N/A,#N/A,NATIONAL READY MIXED CONCRETE ASSN. PAC (CONCRETEPAC),B,N,MY,P2026,2.02507E+17,24K,CCM,TROY DOWNING FOR CONGRESS,BILLINGS,MT,59104,,,6252025,2000,C00855288,H4MT02098,"DOWNING, TROY",7128005,1907604,,,4.07312E+18
C00384818,#N/A,#N/A,CVS HEALTH PAC,B,N,M10,P2026,2.0251E+17,24K,CCM,TROY DOWNING FOR CONGRESS,BILLINGS,MT,591040333,,,9232025,3000,C00855288,H4MT02098,"DOWNING, TROY",B5438C523852BB36968,1922589,,,4.12082E+18
C00494534,#N/A,#N/A,THE BANK OF NEW YORK MELLON CORPORATION FEDERAL PAC (BNY FEDPAC),B,N,MY,P2026,2.02507E+17,24K,CCM,TROY DOWNING FOR CONGRESS,BILLINGS,MT,59104,,,5202025,2500,C00855288,H4MT02098,"DOWNING, TROY",B52844829DAAF445A89A,1907485,,,4.07312E+18
C00450916,#N/A,#N/A,ASURION LLC POLITICAL ACTION COMMITTEE (ASURION PAC),B,N,MY,P2026,2.02507E+17,24K,CCM,TROY DOWNING FOR CONGRESS,HELENA,MT,59624,,,5282025,2000,C00855288,H4MT02098,"DOWNING, TROY",SB23.8098,1907765,,,4.07312E+18
C00480863,#N/A,#N/A,"NATIONAL SHOOTING SPORTS FOUNDATION, INC. POLITICAL ACTION COMMITTEE (NSSF PAC)",B,N,M10,P2026,2.0251E+17,24K,CCM,TROY DOWNING FOR CONGRESS,BILLINGS,MT,591040333,,,9192025,1000,C00855288,H4MT02098,"DOWNING, TROY",3495838191883467899,1922453,,,4.12042E+18
C00570226,#N/A,#N/A,SEAL PAC SUPPORTING ELECTING AMERICAN LEADERS PAC,U,A,M6,P2026,2.0251E+17,24K,CCM,TROY DOWNING FOR CONGRESS,HELENA,MT,596240322,,,5022025,5000,C00855288,H4MT02098,"DOWNING, TROY",B6A8C4E9354A24CE1981,1923763,,,4.01122E+18
C00035451,#N/A,#N/A,AIR LINE PILOTS ASSOCIATION PAC,B,N,M7,P2024,2.02507E+17,24K,CCM,TROY DOWNING FOR CONGRESS,HELENA,MT,59624,,,6202025,1000,C00855288,H4MT02098,"DOWNING, TROY",21541556,1904256,,DEBT RETIREMENT,4.07212E+18
C00035451,#N/A,#N/A,AIR LINE PILOTS ASSOCIATION PAC,B,N,M7,P2024,2.02507E+17,24K,CCM,TROY DOWNING FOR CONGRESS,HELENA,MT,59624,,,6202025,-1000,C00855288,H4MT02098,"DOWNING, TROY",21541557,1904256,,VOID - TROY DOWNING FOR CONGRESS,4.07212E+18
C00284885,#N/A,#N/A,THE HOME DEPOT INC. POLITICAL ACTION COMMITTEE,B,N,M7,P2026,2.02507E+17,24K,CCM,TROY DOWNING FOR CONGRESS,BILLINGS,MT,59104,,,6242025,2500,C00855288,H4MT02098,"DOWNING, TROY",23908433,1904736,,DIRECT CONTRIBUTION,4.07232E+18
C00105981,#N/A,#N/A,INVESTMENT COMPANY INSTITUTE POLITICAL ACTION COMMITTEE (ICI PAC),B,N,M9,G2024,2.02509E+17,24K,CCM,TROY DOWNING FOR CONGRESS,HELENA,MT,59624,,,8142025,-2500,C00855288,H4MT02098,"DOWNING, TROY",21757153,1916159,,VOID - TROY DOWNING FOR CONGRESS,4.09222E+18
C00096156,#N/A,#N/A,HONEYWELL INTERNATIONAL INC. TECHNOLOGIES PUBLIC AFFAIRS COUNCIL (HONPAC),B,N,M7,P2026,2.02507E+17,24K,CCM,TROY DOWNING FOR CONGRESS,HELENA,MT,59624,,,6182025,1500,C00855288,H4MT02098,"DOWNING, TROY",B903217,1904756,,,4.07232E+18
C00072751,#N/A,#N/A,STATE STREET BANK AND TRUST COMPANY VOLUNTARY POLITICAL ACTION COMMITTEE,B,N,M7,P2026,2.02507E+17,24K,CCM,TROY DOWNING FOR CONGRESS,BILLINGS,MT,59104,,,6242025,1000,C00855288,H4MT02098,"DOWNING, TROY",CFE0193DDAF617F8AC0,1904552,,,4.07222E+18
C00035535,#N/A,#N/A,CONSUMER BANKERS ASSOCIATION PAC,B,N,M9,P2026,2.02509E+17,24K,CCM,TROY DOWNING FOR CONGRESS,BILLINGS,MT,59104,,,8052025,-1000,C00855288,H4MT02098,"DOWNING, TROY",19136794,1916203,,DUPLICATE PAYMENT REFUND,4.09222E+18
C00227744,#N/A,#N/A,ERNST & YOUNG POLITICAL ACTION COMMITTEE,B,A,M7,G2026,2.02508E+17,24K,CCM,TROY DOWNING FOR CONGRESS,BILLINGS,MT,59104,,,6272025,3000,C00855288,H4MT02098,"DOWNING, TROY",27825973,1910394,,DIRECT CONTRIBUTION,4.08102E+18
C00227744,#N/A,#N/A,ERNST & YOUNG POLITICAL ACTION COMMITTEE,B,A,M7,P2026,2.02508E+17,24K,CCM,TROY DOWNING FOR CONGRESS,BILLINGS,MT,59104,,,6042025,3000,C00855288,H4MT02098,"DOWNING, TROY",27805976,1910394,,DIRECT CONTRIBUTION,4.08102E+18
C00567792,#N/A,#N/A,"NATIONAL ASSOCIATION OF RESIDENTIAL PROPERTY MANGERS, INC. POLITICAL ACTION COMMITTEE (NARPM PAC)",U,N,MY,P2026,2.02507E+17,24K,CCM,TROY DOWNING FOR CONGRESS,BILLINGS,MT,59104,,,5072025,1000,C00855288,H4MT02098,"DOWNING, TROY",SB23.7320,1899048,,,4.07092E+18
C00524314,#N/A,#N/A,AMERICA'S FIRST PAC,U,N,MY,G2024,2.02507E+17,24K,CCM,TROY DOWNING FOR CONGRESS,HELENA,MT,59624,,,3282025,-1000,C00855288,H4MT02098,"DOWNING, TROY",SB23.I17574,1903069,,VOIDED UNCLEARED CHECK,4.07172E+18
C00300178,#N/A,#N/A,WELLS FARGO AND COMPANY EMPLOYEES GOOD GOVERNMENT FEDERAL FUND II,B,N,M7,P2026,2.02507E+17,24K,CCM,TROY DOWNING FOR CONGRESS,BILLINGS,MT,59104,,,6252025,2000,C00855288,H4MT02098,"DOWNING, TROY",79C19A889985EC38483,1904035,,,4.07172E+18
C00165159,#N/A,#N/A,REPUBLICAN MAINSTREET PARTNERSHIP PAC,U,A,M6,P2025,2.0251E+17,24K,CCM,TROY DOWNING FOR CONGRESS,HELENA,MT,59624,,,5092025,1000,C00855288,H4MT02098,"DOWNING, TROY",SB23.21773,1919497,,,4.10152E+18
C00211318,#N/A,#N/A,DELOITTE POLITICAL ACTION COMMITTEE,B,N,M6,P2026,2.02506E+17,24K,CCM,TROY DOWNING FOR CONGRESS,BILLINGS,MT,59104,,,5062025,2500,C00855288,H4MT02098,"DOWNING, TROY",E089BF2D55C53FD2DB6,1894942,,,4.06092E+18
C00077321,#N/A,#N/A,AMERICAN INSTITUTE OF CERTIFIED PUBLIC ACCOUNTANTS POLITICAL ACTION COMMITTEE,B,A,M4,P2024,2.02507E+17,24K,CCM,TROY DOWNING FOR CONGRESS,BILLINGS,MT,59104,,,3042025,2500,C00855288,H4MT02098,"DOWNING, TROY",51427247,1905922,,,4.07252E+18
C00077321,#N/A,#N/A,AMERICAN INSTITUTE OF CERTIFIED PUBLIC ACCOUNTANTS POLITICAL ACTION COMMITTEE,B,A,M7,P2026,2.02507E+17,24K,CCM,TROY DOWNING FOR CONGRESS,BILLINGS,MT,59104,,,6242025,2500,C00855288,H4MT02098,"DOWNING, TROY",51753288,1905930,,,4.07242E+18
C00173393,#N/A,#N/A,THE GUARDIAN LIFE INSURANCE COMPANY OF AMERICA POLITICAL ACTION COMMITTEE - FEDERAL (GUARDIAN LIFE P,B,N,M7,P2026,2.02507E+17,24K,CCM,TROY DOWNING FOR CONGRESS,BILLINGS,MT,59104,,,6262025,5000,C00855288,H4MT02098,"DOWNING, TROY",B2F98A64FFCE9473B8F3,1904491,,,4.07222E+18
C00004812,#N/A,#N/A,MORTGAGE BANKERS ASSOCIATION POLITICAL ACTION COMMITTEE (MORPAC),B,N,M7,P2026,2.02507E+17,24K,CCM,TROY DOWNING FOR CONGRESS,BILLINGS,MT,591040333,,,6262025,2000,C00855288,H4MT02098,"DOWNING, TROY",B0BA397247CF745E19B7,1904825,,,4.07242E+18
C00431312,#N/A,#N/A,SECURITIES INDUSTRY AND FINANCIAL MARKETS ASSOCIATION POLITICAL ACTION COMMITTEE,B,N,M7,P2026,2.02507E+17,24K,CCM,TROY DOWNING FOR CONGRESS,BILLINGS,MT,59104,,,6242025,1000,C00855288,H4MT02098,"DOWNING, TROY",3F710767BD4E802F159,1904348,,,4.07212E+18
C00306894,#N/A,#N/A,MANAGED FUNDS ASSOCIATION POLITICAL ACTION COMMITTEE,B,A,M8,P2026,2.02509E+17,24K,CCM,TROY DOWNING FOR CONGRESS,BILLINGS,MT,59104,,,7312025,5000,C00855288,H4MT02098,"DOWNING, TROY",85688E0593BCD283852,1913590,,,4.09022E+18
C00149104,#N/A,#N/A,CHS INC. POLITICAL ACTION COMMITTEE,B,N,M7,P2026,2.02507E+17,24K,CCM,TROY DOWNING FOR CONGRESS,BILLINGS,MT,59104,,,6242025,2500,C00855288,H4MT02098,"DOWNING, TROY",5F61F28C504568C8AD0,1904565,,,4.07222E+18
C00004275,#N/A,#N/A,AMERICAN BANKERS ASSOCIATION PAC (BANKPAC),B,N,M7,P2026,2.02507E+17,24K,CCM,TROY DOWNING FOR CONGRESS,HELENA,MT,59624,,,6062025,2500,C00855288,H4MT02098,"DOWNING, TROY",B13D4909DE0E94A2FA18,1904783,,,4.07232E+18
C00364778,#N/A,#N/A,BANK OF AMERICA CORPORATION FEDERAL PAC,B,N,M8,P2026,2.02508E+17,24K,CCM,TROY DOWNING FOR CONGRESS,BILLINGS,MT,59104,,,7182025,2000,C00855288,H4MT02098,"DOWNING, TROY",B905101,1911263,,,4.08182E+18
C00038604,#N/A,#N/A,AMERICAN FINANCIAL SERVICES ASSOCIATION PAC,U,N,M7,P2026,2.02507E+17,24K,CCM,TROY DOWNING FOR CONGRESS,BILLINGS,MT,59104,,,6182025,1000,C00855288,H4MT02098,"DOWNING, TROY",BBC2022A65B5449EDA2B,1904457,,,4.07212E+18
C00038604,#N/A,#N/A,AMERICAN FINANCIAL SERVICES ASSOCIATION PAC,U,N,M9,P2026,2.02509E+17,24K,CCM,TROY DOWNING FOR CONGRESS,BILLINGS,MT,59104,,,8202025,1500,C00855288,H4MT02098,"DOWNING, TROY",B26BEB733FE474B0E93B,1915436,,,4.09182E+18
C00336743,#N/A,#N/A,ASIAN AMERICAN HOTEL OWNERS ASSOCIATION PAC (AAHOA PAC),B,N,M7,P2026,2.02507E+17,24K,CCM,TROY DOWNING FOR CONGRESS,BILLINGS,MT,59104,,,6042025,2500,C00855288,H4MT02098,"DOWNING, TROY",18973346,1904581,,CONTRIBUTION,4.07222E+18
C00127779,#N/A,#N/A,PRUDENTIAL FINANCIAL INC. FEDERAL POLITICAL ACTION COMMITTEE (AKA - PRUDENTIAL FEDERAL PAC),B,N,M8,P2026,2.02508E+17,24K,CCM,TROY DOWNING FOR CONGRESS,HELENA,MD,59624,,,7072025,1000,C00855288,H4MT02098,"DOWNING, TROY",23938946,1911092,,DIRECT CONTRIBUTION,4.08142E+18
C00158881,#N/A,#N/A,NEW YORK LIFE INSURANCE COMPANY POLITICAL ACTION COMMITTEE,B,N,M9,P2024,2.02509E+17,24K,CCM,TROY DOWNING FOR CONGRESS,BILLINGS,MT,59104,,,8212025,3000,C00855288,H4MT02098,"DOWNING, TROY",24083081,1915952,,CONTRIBUTION,4.09222E+18
C00158881,#N/A,#N/A,NEW YORK LIFE INSURANCE COMPANY POLITICAL ACTION COMMITTEE,B,N,M9,P2024,2.02509E+17,24K,CCM,TROY DOWNING FOR CONGRESS,BILLINGS,MT,59104,,,8122025,-3000,C00855288,H4MT02098,"DOWNING, TROY",24070018,1915952,,VOID OF 3/25/25 CONTRIBUTION,4.09222E+18
C00493221,#N/A,#N/A,THE GUARDIAN FUND,J,N,MY,P2024,2.02507E+17,24K,CCM,TROY DOWNING FOR CONGRESS,HELENA,MT,596240322,,,3032025,1500,C00855288,H4MT02098,"DOWNING, TROY",B8B354B1D84DD480B9C2,1905677,,,4.07292E+18
C00493221,#N/A,#N/A,THE GUARDIAN FUND,J,N,MY,P2024,2.02507E+17,24K,CCM,TROY DOWNING FOR CONGRESS,HELENA,MT,596240322,,,3032025,3500,C00855288,H4MT02098,"DOWNING, TROY",B08EC86D7BECA40E6BDC,1905677,,,4.07292E+18
C00186064,#N/A,#N/A,"FEDERAL BIPARTISAN VOLUNTARY PUBLIC AFFAIRS COMMITTEE OF THE PNC FINANCIAL SERVICES GROUP, INC. (PNC",B,N,M11,P2026,2.02511E+17,24K,CCM,TROY DOWNING FOR CONGRESS,LYNDORA,PA,160450476,,,10282025,2500,C00855288,H4MT02098,"DOWNING, TROY",BF6C2189140AB4423B9C,1926124,,,4.01142E+18
C00170258,#N/A,#N/A,NATIONAL ASSOCIATION OF MUTUAL INSURANCE COMPANIES PAC,B,N,M12,P2026,2.02512E+17,24K,CCM,TROY DOWNING FOR CONGRESS,HELENA,MT,596240322,,,11112025,2000,C00855288,H4MT02098,"DOWNING, TROY",B803276B6FDE545F2890,1928755,,,4.01152E+18
C00170258,#N/A,#N/A,NATIONAL ASSOCIATION OF MUTUAL INSURANCE COMPANIES PAC,B,N,M12,P2026,2.02512E+17,24K,CCM,TROY DOWNING FOR CONGRESS,HELENA,MT,596240322,,,11112025,2500,C00855288,H4MT02098,"DOWNING, TROY",B48FCBBE8244B4E549EC,1928755,,,4.01152E+18
C00032698,#N/A,#N/A,INDEPENDENT COMMUNITY BANKERS OF AMERICA POLITICAL ACTION COMMITTEE (ICBA PAC),B,N,M11,P2026,2.02511E+17,24K,CCM,TROY DOWNING FOR CONGRESS,BILLINGS,MT,59104,,,10012025,2000,C00855288,H4MT02098,"DOWNING, TROY",27933988,1925890,,2026 PRIMARY,4.01132E+18
C00012914,#N/A,#N/A,AMERICAN LAND TITLE ASSOCIATION TITLE INDUSTRY PAC (TIPAC),B,N,M12,P2026,2.02512E+17,24K,CCM,TROY DOWNING FOR CONGRESS,BILLINGS,MT,591040333,,,11132025,2000,C00855288,H4MT02098,"DOWNING, TROY",7A0F8E1714B3BCA7D96,1928239,,,4.01142E+18
C00040253,#N/A,#N/A,ALLSTATE INSURANCE COMPANY PAC,B,N,M12,P2026,2.02512E+17,24K,CCM,TROY DOWNING FOR CONGRESS,ALEXANDRIA,VA,223145404,,,11252025,2500,C00855288,H4MT02098,"DOWNING, TROY",BDCEC0B4AEA8F4FA69D5,1929466,,,4.01212E+18
C00326595,#N/A,#N/A,CAPITAL ONE FINANCIAL CORP. ASSOC. POLITICAL FUND,B,N,M8,P2026,2.02508E+17,24K,CCM,TROY DOWNING FOR CONGRESS,BILLINGS,MT,59104,,,7182025,4000,C00855288,H4MT02098,"DOWNING, TROY",B904898,1912037,,,4.08202E+18
C00000729,#N/A,#N/A,AMERICAN DENTAL ASSOCIATION POLITICAL ACTION COMMITTEE,B,A,MY,P2024,2.02512E+17,24K,CCM,TROY DOWNING FOR CONGRESS,HELENA,MT,59624,,,3312025,5000,C00855288,H4MT02098,"DOWNING, TROY",20250900049956,1930200,,,4.01212E+18
C00130773,#N/A,#N/A,NATIONAL MULTIFAMILY HOUSING COUNCIL AND REAL ESTATE TECHNOLOGY AND TRANSFORMATION CENTER POLITICAL ACTION COMMITTEE (NMHC PAC),B,N,M12,P2026,2.02512E+17,24K,CCM,TROY DOWNING FOR CONGRESS,BILLINGS,MT,59104,,,11052025,2000,C00855288,H4MT02098,"DOWNING, TROY",90577359,1929182,,,4.01202E+18
C00038604,#N/A,#N/A,AMERICAN FINANCIAL SERVICES ASSOCIATION PAC,U,N,M12,P2026,2.02512E+17,24K,CCM,TROY DOWNING FOR CONGRESS,BILLINGS,MT,59104,,,11182025,1500,C00855288,H4MT02098,"DOWNING, TROY",BF39340326E27469391F,1928800,,,4.01152E+18
C00038604,#N/A,#N/A,AMERICAN FINANCIAL SERVICES ASSOCIATION PAC,U,N,M12,G2026,2.02512E+17,24K,CCM,TROY DOWNING FOR CONGRESS,BILLINGS,MT,59104,,,11182025,1500,C00855288,H4MT02098,"DOWNING, TROY",B84FADD72A9234877BE2,1928800,,,4.01152E+18
C00351924,#N/A,#N/A,BOK FINANCIAL CORPORATION POLITICAL ACTION COMMITTEE,U,N,M12,P2026,2.02512E+17,24K,CCM,TROY DOWNING FOR CONGRESS,BILLINGS,MT,59104,,,11142025,1000,C00855288,H4MT02098,"DOWNING, TROY",SB23.14284,1928904,,,4.12292E+18
C00797670,#N/A,#N/A,AMERICAN ISRAEL PUBLIC AFFAIRS COMMITTEE POLITICAL ACTION COMMITTEE,B,N,M12,P2025,2.02512E+17,24K,CCM,TROY DOWNING FOR CONGRESS,BILLINGS,MT,59104,,,11032025,-6,C00855288,H4MT02098,"DOWNING, TROY",BB00E96F214A84BB999B,1929590,,VOID: REFUNDED EARMARK OF HOWARD WELINSKY. TRANSMITTED BY CHECK/EFT,4.01212E+18
C00797670,#N/A,#N/A,AMERICAN ISRAEL PUBLIC AFFAIRS COMMITTEE POLITICAL ACTION COMMITTEE,B,N,M12,P2025,2.02512E+17,24K,CCM,TROY DOWNING FOR CONGRESS,BILLINGS,MT,59104,,,11112025,0,C00855288,H4MT02098,"DOWNING, TROY",B6DFEF4567E0C422492A,1929590,,VOID: REFUNDED EARMARK OF HOWARD WELINSKY. TRANSMITTED BY CHECK/EFT,4.01212E+18
C00350744,#N/A,#N/A,"THE GOLDMAN SACHS GROUP, INC. POLITICAL ACTION COMMITTEE",B,N,M8,P2026,2.02508E+17,24K,CCM,TROY DOWNING FOR CONGRESS,BILLINGS,MT,59104,,,7302025,2000,C00855288,H4MT02098,"DOWNING, TROY",23996952,1912051,,CONTRIBUTIONS TO FEDERAL CANDIDATES,4.08202E+18
C00104299,#N/A,#N/A,JPMORGAN CHASE & CO. FEDERAL POLITICAL ACTION COMMITTEE,B,N,M8,P2026,2.02508E+17,24K,CCM,TROY DOWNING FOR CONGRESS,BILLINGS,MT,59104,,,7282025,1000,C00855288,H4MT02098,"DOWNING, TROY",9FF03D6C52477CD9CA4,1912184,,,4.08252E+18
C00414474,#N/A,#N/A,AMERIPRISE FINANCIAL INC. POLITICAL ACTION COMMITTEE (AMERIPRISEPAC),B,N,MY,P2024,2.02507E+17,24K,CCM,TROY DOWNING FOR CONGRESS,HELENA,MT,59624,,,3172025,1000,C00855288,H4MT02098,"DOWNING, TROY",B897191,1906780,,,4.07292E+18
C00365122,#N/A,#N/A,"VISA, INC. POLITICAL ACTION COMMITTEE",B,N,M12,P2026,2.02512E+17,24K,CCM,TROY DOWNING FOR CONGRESS,BILLINGS,MT,59104,,,11132025,1500,C00855288,H4MT02098,"DOWNING, TROY",BD987F4EEC5C74479A0F,1928879,,,4.01162E+18
C00147066,#N/A,#N/A,AMERICAN COUNCIL OF LIFE INSURERS POLITICAL ACTION COMMITTEE,B,N,M12,P2026,2.02512E+17,24K,CCM,TROY DOWNING FOR CONGRESS,BILLINGS,MT,59104,,,11182025,1000,C00855288,H4MT02098,"DOWNING, TROY",90606893,1928396,,POLITICAL CONTRIBUTION,4.01142E+18
C00147066,#N/A,#N/A,AMERICAN COUNCIL OF LIFE INSURERS POLITICAL ACTION COMMITTEE,B,N,M12,P2026,2.02512E+17,24K,CCM,TROY DOWNING FOR CONGRESS,BILLINGS,MT,59104,,,11182025,2000,C00855288,H4MT02098,"DOWNING, TROY",90607502,1928396,,POLITICAL CONTRIBUTION,4.01142E+18
C00227744,#N/A,#N/A,ERNST & YOUNG POLITICAL ACTION COMMITTEE,B,N,M12,P2026,2.02512E+17,24K,CCM,TROY DOWNING FOR CONGRESS,BILLINGS,MT,59104,,,11062025,2000,C00855288,H4MT02098,"DOWNING, TROY",27975943,1927977,,DIRECT CONTRIBUTION,4.01132E+18
C00171843,#N/A,#N/A,LIBERTY MUTUAL INSURANCE COMPANY - PAC,B,N,M7,P2026,2.02507E+17,24K,CCM,TROY DOWNING FOR CONGRESS,BILLINGS,MT,59104,,,6272025,-1000,C00855288,H4MT02098,"DOWNING, TROY",12103246,1903671,,VOID - CHECK ISSUED 3/25/25,4.07212E+18
C00024968,#N/A,#N/A,AMERICAN OPTOMETRIC ASSOCIATION POLITICAL ACTION COMMITTEE,B,N,M9,P2026,2.02509E+17,24K,CCM,TROY DOWNING FOR CONGRESS,BILLINGS,MT,59104,,,8252025,2000,C00855288,H4MT02098,"DOWNING, TROY",51873777,1914331,,CANDIDATE CONTRIBUTION,4.09102E+18
C00513549,#N/A,#N/A,PHILLIPS 66 PAC,B,N,M12,P2026,2.02512E+17,24K,CCM,TROY DOWNING FOR CONGRESS,HELENA,MT,596240322,,,11182025,1000,C00855288,H4MT02098,"DOWNING, TROY",BD2D6C6A3C09C43A9B99,1928244,,,4.01142E+18
C00792127,#N/A,#N/A,FAIR ISAAC CORPORATION POLITICAL ACTION COMMITTEE (FICO PAC),B,N,MY,P2026,2.02507E+17,24K,CCM,TROY DOWNING FOR CONGRESS,BILLINGS,MT,59104,,,6262025,5000,C00855288,H4MT02098,"DOWNING, TROY",B903822,1906748,,,4.07292E+18
C00611871,#N/A,#N/A,BMO FINANCIAL CORP GOOD GOVERNANCE FUND: FEDERAL (BMO PAC),B,N,MY,P2026,2.02507E+17,24K,CCM,TROY DOWNING FOR CONGRESS,BILLINGS,MT,59104,,,3142025,1000,C00855288,H4MT02098,"DOWNING, TROY",A5386E9BF3235738F75,1906991,,,4.07302E+18
C00235739,#N/A,#N/A,BNSF RAILWAY COMPANY RAILPAC (BNSF RAILPAC),B,N,M12,P2026,2.02512E+17,24K,CCM,TROY DOWNING FOR CONGRESS,ALEXANDRIA,VA,22314,,,11202025,2500,C00855288,H4MT02098,"DOWNING, TROY",B912364,1928883,,,4.01162E+18
C00039578,#N/A,#N/A,THE COUNCIL OF INSURANCE AGENTS & BROKERS POLITICAL ACTION COMMITTEE,B,N,M11,P2026,2.02511E+17,24K,CCM,TROY DOWNING FOR CONGRESS,HELENA,MT,59624,,,10292025,2500,C00855288,H4MT02098,"DOWNING, TROY",52045057,1925254,,PAC CONTRIBUTION,4.01092E+18
C00165159,#N/A,#N/A,REPUBLICAN MAINSTREET PARTNERSHIP PAC,U,A,M10,P2025,2.02511E+17,24K,CCM,TROY DOWNING FOR CONGRESS,HELENA,MT,59624,,,9112025,1000,C00855288,H4MT02098,"DOWNING, TROY",SB23.67403,1925263,,,4.12052E+18
C00443168,#N/A,#N/A,INTERCONTINENTAL EXCHANGE INC PAC,B,N,MY,P2026,2.02507E+17,24K,CCM,TROY DOWNING FOR CONGRESS,BILLINGS,MT,59104,,,6042025,1000,C00855288,H4MT02098,"DOWNING, TROY",19024937,1903734,,,4.07172E+18
C00303024,#N/A,#N/A,LOCKHEED MARTIN CORPORATION EMPLOYEES' POLITICAL ACTION COMMITTEE,B,N,M8,P2026,2.02508E+17,24K,CCM,TROY DOWNING FOR CONGRESS,BILLINGS,MT,59104,,,7222025,1000,C00855288,H4MT02098,"DOWNING, TROY",90289591,1912222,,2026 PRIMARY,4.08252E+18
C00088591,#N/A,#N/A,EMPLOYEES OF NORTHROP GRUMMAN CORPORATION PAC,B,N,M8,P2026,2.02508E+17,24K,CCM,TROY DOWNING FOR CONGRESS,BILLINGS,MT,59104,,,7302025,5000,C00855288,H4MT02098,"DOWNING, TROY",B905753,1912449,,,4.08222E+18
C00113811,#N/A,#N/A,NATIONAL ELECTRICAL CONTRACTORS ASSOCIATION POLITICAL ACTION COMMITTEE,B,A,M10,P2026,2.02511E+17,24K,CCM,TROY DOWNING FOR CONGRESS,HELENA,MT,59624,,,9182025,2500,C00855288,H4MT02098,"DOWNING, TROY",BA90E487030E6400D986,1925905,,,4.12142E+18
C00893578,#N/A,#N/A,PERIMETER SOLUTIONS INC. POLITICAL ACTION COMMITTEE,U,N,YE,P2026,2.02601E+17,24K,CCM,TROY DOWNING FOR CONGRESS,BILLINGS,MT,591040333,,,9162025,1000,C00855288,H4MT02098,"DOWNING, TROY",F891DC734A9792E4DCE,1938153,,,4.02102E+18
C00034785,#N/A,#N/A,ACPAC ACA INTERNATIONAL POLITICAL ACTION COMMITTEE,B,N,YE,G2026,2.02601E+17,24K,CCM,TROY DOWNING FOR CONGRESS,BILLINGS,MT,59104,,,7092025,1000,C00855288,H4MT02098,"DOWNING, TROY",B1E901A391BC94D438EF,1939536,,,4.02252E+18
C00034785,#N/A,#N/A,ACPAC ACA INTERNATIONAL POLITICAL ACTION COMMITTEE,B,N,YE,P2026,2.02601E+17,24K,CCM,TROY DOWNING FOR CONGRESS,BILLINGS,MT,59104,,,7092025,4000,C00855288,H4MT02098,"DOWNING, TROY",BF393448245B14578B75,1939536,,,4.02252E+18
C00186288,#N/A,#N/A,"VERIZON COMMUNICATIONS, INC. POLITICAL ACTION COMMITTEE (VERIZON PAC)",B,N,YE,P2026,2.02601E+17,24K,CCM,TROY DOWNING FOR CONGRESS,BILLINGS,MT,591040333,,,12162025,1000,C00855288,H4MT02098,"DOWNING, TROY",07BEC0310BBC7D344F9,1939828,,,4.02122E+18
C00158881,#N/A,#N/A,NEW YORK LIFE INSURANCE COMPANY POLITICAL ACTION COMMITTEE,B,N,YE,P2026,2.02601E+17,24K,CCM,TROY DOWNING FOR CONGRESS,BILLINGS,MT,59104,,,12172025,2000,C00855288,H4MT02098,"DOWNING, TROY",24356160,1935912,,CONTRIBUTION,4.01292E+18
C00121319,#N/A,#N/A,THRIVENT FINANCIAL FOR LUTHERANS POLITICAL ACTION COMMITTEE,U,N,YE,P2026,2.02601E+17,24K,CCM,TROY DOWNING FOR CONGRESS,BILLINGS,MT,59104,,,9292025,1000,C00855288,H4MT02098,"DOWNING, TROY",B5B53E9FAD9AC488F93D,1931336,,,4.01212E+18
C00589119,#N/A,#N/A,SYNCHRONY FINANCIAL EMPLOYEES POLITICAL ACTION COMMITTEE (SYNCPAC),B,N,YE,P2026,2.02601E+17,24K,CCM,TROY DOWNING FOR CONGRESS,BILLINGS,MT,591040333,,,8042025,2500,C00855288,H4MT02098,"DOWNING, TROY",EC3F3680BD31AA7EF6C,1939565,,,4.02182E+18
C00447565,#N/A,#N/A,FINSECA PAC,B,N,YE,P2026,2.02601E+17,24K,CCM,TROY DOWNING FOR CONGRESS,BILLINGS,MT,591040333,,,11252025,2000,C00855288,H4MT02098,"DOWNING, TROY",B0C19326C4AB2420C857,1938529,,,4.02122E+18
C00671693,#N/A,#N/A,INSTITUTE FOR PORTFOLIO ALTERNATIVES POLITICAL ACTION COMMITTEE (IPA PAC),B,N,YE,P2026,2.02601E+17,24K,CCM,TROY DOWNING FOR CONGRESS,BILLINGS,MT,59104,,,7172025,2500,C00855288,H4MT02098,"DOWNING, TROY",SB23.5271,1935782,,,4.01292E+18
C00671693,#N/A,#N/A,INSTITUTE FOR PORTFOLIO ALTERNATIVES POLITICAL ACTION COMMITTEE (IPA PAC),B,N,YE,G2026,2.02601E+17,24K,CCM,TROY DOWNING FOR CONGRESS,BILLINGS,MT,59104,,,7172025,2500,C00855288,H4MT02098,"DOWNING, TROY",SB23.5272,1935782,,,4.01292E+18
C00076299,#N/A,#N/A,CME GROUP INC. PAC,B,A,YE,P2026,2.02602E+17,24K,CCM,TROY DOWNING FOR CONGRESS,BILLINGS,MT,59104,,,12172025,2500,C00855288,H4MT02098,"DOWNING, TROY",B72F075A6EF9E451381E,1945314,,,4.03112E+18
C00490474,#N/A,#N/A,INSURED RETIREMENT INSTITUTE POLITICAL ACTION COMMITTEE (IRI PAC),B,N,YE,P2026,2.02601E+17,24K,CCM,TROY DOWNING FOR CONGRESS,BILLINGS,MT,591040333,,,12232025,2500,C00855288,H4MT02098,"DOWNING, TROY",17E8B86D38548C1E7E2,1934500,,,4.01272E+18
C00337626,#N/A,#N/A,MORGAN STANLEY POLITICAL ACTION COMMITTEE,B,N,YE,P2026,2.02601E+17,24K,CCM,TROY DOWNING FOR CONGRESS,BILLINGS,MT,59104,,,12042025,2000,C00855288,H4MT02098,"DOWNING, TROY",B3B7511250B0244FC83F,1940173,,,4.02252E+18
C00792127,#N/A,#N/A,FAIR ISAAC CORPORATION POLITICAL ACTION COMMITTEE (FICO PAC),B,N,YE,G2026,2.02601E+17,24K,CCM,TROY DOWNING FOR CONGRESS,BILLINGS,MT,59104,,,12172025,5000,C00855288,H4MT02098,"DOWNING, TROY",B914319,1938346,,,4.02122E+18
C00411173,#N/A,#N/A,COMMERCIAL REAL ESTATE FINANCE COUNCIL PAC,B,N,YE,P2026,2.02601E+17,24K,CCM,TROY DOWNING FOR CONGRESS,BILLINGS,MT,59104,,,12162025,1000,C00855288,H4MT02098,"DOWNING, TROY",SB23.7899,1938671,,,4.02242E+18
C00809012,#N/A,#N/A,FROGMAN PAC,U,N,YE,P2026,2.02601E+17,24K,CCM,TROY DOWNING FOR CONGRESS,HELENA,MT,59624,,,12302025,5000,C00855288,H4MT02098,"DOWNING, TROY",SB23.4895,1934700,,,4.01272E+18
C00821744,#N/A,#N/A,"ENACT HOLDINGS, INC. POLITICAL ACTION COMMITTEE (ENACT PAC)",B,N,YE,P2026,2.02601E+17,24K,CCM,TROY DOWNING FOR CONGRESS,ALEXANDRIA,VA,22314,,,9192025,2000,C00855288,H4MT02098,"DOWNING, TROY",B908529,1940646,,,4.02242E+18
C00431361,#N/A,#N/A,TEACHERS INSURANCE ANNUITY ASSOCIATION OF AMERICA PAC (TIAA PAC),B,N,YE,P2026,2.02601E+17,24K,CCM,TROY DOWNING FOR CONGRESS,ALEXANDRIA,VA,22314,,,10082025,1000,C00855288,H4MT02098,"DOWNING, TROY",B910112,1940133,,,4.02242E+18
C00380550,#N/A,#N/A,FMR LLC POLITICAL ACTION COMMITTEE - FEDERAL (FIDELITY PAC),B,N,YE,P2026,2.02601E+17,24K,CCM,TROY DOWNING FOR CONGRESS,BILLINGS,MT,591040333,,,9302025,2500,C00855288,H4MT02098,"DOWNING, TROY",5BD92A9B82195DB5C4C,1940496,,,4.02122E+18
C00354290,#N/A,#N/A,"AMERICAN FAMILY MUTUAL INSURANCE COMPANY, S.I. FEDERAL PAC (AMFAM PAC)",B,N,YE,P2026,2.02601E+17,24K,CCM,TROY DOWNING FOR CONGRESS,ALEXANDRIA,VA,223145404,,,12192025,1000,C00855288,H4MT02098,"DOWNING, TROY",BCD4E64BF6326477EB91,1935645,,,4.01292E+18
C00000901,#N/A,#N/A,BUILD POLITICAL ACTION COMMITTEE OF THE NATIONAL ASSOCIATION OF HOME BUILDERS (BUILDPAC),B,N,YE,P2026,2.02601E+17,24K,CCM,TROY DOWNING FOR CONGRESS,BILLINGS,MT,591040333,,,12022025,5000,C00855288,H4MT02098,"DOWNING, TROY",9CB814F78ACA0E87862,1935550,,,4.01292E+18
C00570226,#N/A,#N/A,SEAL PAC SUPPORTING ELECTING AMERICAN LEADERS PAC,U,N,YE,P2026,2.02601E+17,24K,CCM,TROY DOWNING FOR CONGRESS,HELENA,MT,596240322,,,12022025,-5000,C00855288,H4MT02098,"DOWNING, TROY",B35E95FCAE9B44E7D8A9,1939915,,,4.02242E+18
C00570226,#N/A,#N/A,SEAL PAC SUPPORTING ELECTING AMERICAN LEADERS PAC,U,N,YE,P2026,2.02601E+17,24K,CCM,TROY DOWNING FOR CONGRESS,HELENA,MT,596240322,,,12022025,5000,C00855288,H4MT02098,"DOWNING, TROY",BDC61C1750F1C419C8E4,1939915,,,4.02242E+18
C00829119,#N/A,#N/A,BACPAC,U,A,YE,P2026,2.02601E+17,24K,CCM,TROY DOWNING FOR CONGRESS,BILLINGS,MT,59104,,,11242025,1000,C00855288,H4MT02098,"DOWNING, TROY",SB23.4776,1934101,,,4.01272E+18
C00053553,#N/A,#N/A,NATIONAL RIFLE ASSOCIATION OF AMERICA POLITICAL VICTORY FUND,B,N,30S,P2026,2.02601E+17,24K,CCM,TROY DOWNING FOR CONGRESS,BILLINGS,MT,59104,,,10062025,1000,C00855288,H4MT02098,"DOWNING, TROY",SB23.67,1930380,,,4.01212E+18
C00038604,#N/A,#N/A,AMERICAN FINANCIAL SERVICES ASSOCIATION PAC,U,N,YE,G2026,2.02601E+17,24K,CCM,TROY DOWNING FOR CONGRESS,BILLINGS,MT,59104,,,12222025,2000,C00855288,H4MT02098,"DOWNING, TROY",B910AE24EC1B249759B2,1937252,,,4.02062E+18
C00906669,#N/A,#N/A,NESTPOINT PAC,U,N,YE,P2026,2.02601E+17,24K,CCM,TROY DOWNING FOR CONGRESS,BILLINGS,MT,59104,,,10312025,2000,C00855288,H4MT02098,"DOWNING, TROY",SB23.4178,1933711,,,4.01272E+18
C00346726,#N/A,#N/A,FIRST AMERICAN FINANCIAL CORPORATION PAC,U,N,YE,P2026,2.02601E+17,24K,CCM,TROY DOWNING FOR CONGRESS,BILLINGS,MT,59104,,,12232025,2000,C00855288,H4MT02098,"DOWNING, TROY",EB10412,1941072,,,4.02192E+18
C00488882,#N/A,#N/A,U.S. BANCORP FEDERAL POLITICAL ACTION COMMITTEE,B,N,YE,P2026,2.02601E+17,24K,CCM,TROY DOWNING FOR CONGRESS,BILLINGS,MT,59104,,,12092025,2000,C00855288,H4MT02098,"DOWNING, TROY",B13431C8C25404ADBA0B,1933588,,,4.01272E+18
C00388827,#N/A,#N/A,ROCKET LIMITED PARTNERSHIP PAC (ROCKET PAC),B,N,YE,P2026,2.02601E+17,24K,CCM,TROY DOWNING FOR CONGRESS,BILLINGS,MT,59104,,,12162025,3000,C00855288,H4MT02098,"DOWNING, TROY",B18FF783FA88C47FCA88,1933622,,,4.01262E+18
C00066472,#N/A,#N/A,AMERICAN PROPERTY CASUALTY INSURANCE ASSOCIATION POLITICAL ACTION COMMITTEE (INSURING AMERICA PAC),B,N,YE,P2026,2.02601E+17,24K,CCM,TROY DOWNING FOR CONGRESS,BILLINGS,MT,591040333,,,12082025,2000,C00855288,H4MT02098,"DOWNING, TROY",943562532508EA5F57A,1936990,,,4.02042E+18
C00040998,#N/A,#N/A,NATIONAL AUTOMOBILE DEALERS ASSOCIATION POLITICAL ACTION COMMITTEE,B,N,YE,P2026,2.02601E+17,24K,CCM,TROY DOWNING FOR CONGRESS,HELENA,MT,59624,,,12162025,5000,C00855288,H4MT02098,"DOWNING, TROY",32300131,1936543,,,4.02042E+18
C00387753,#N/A,#N/A,SECURITY FINANCE CORPORATION OF SPARTANBURG AND AFFILIATES POLITICAL ACTION COMMITTEE,B,N,YE,P2026,2.02601E+17,24K,CCM,TROY DOWNING FOR CONGRESS,BILLINGS,MT,59104,,,12302025,3000,C00855288,H4MT02098,"DOWNING, TROY",90724271,1933866,,CONTRIBUTION,4.01272E+18
C00012914,#N/A,#N/A,AMERICAN LAND TITLE ASSOCIATION TITLE INDUSTRY PAC (TIPAC),B,N,YE,P2026,2.02601E+17,24K,CCM,TROY DOWNING FOR CONGRESS,BILLINGS,MT,591040333,,,12162025,3000,C00855288,H4MT02098,"DOWNING, TROY",C1CC3D49AB302F07E8C,1933799,,,4.01272E+18
C00343749,#N/A,#N/A,GOVERNMENT EMPLOYEES INSURANCE COMPANY POLITICAL ACTION COMMITTEE,U,A,YE,P2026,2.02604E+17,24K,CCM,TROY DOWNING FOR CONGRESS,BILLINGS,MT,59104,,,12092025,1000,C00855288,H4MT02098,"DOWNING, TROY",SB23.35076,1970507,,,4.06022E+18
C00461129,#N/A,#N/A,RGA REINSURANCE COMPANY FEDERAL PAC,U,N,M2,P2026,2.02602E+17,24K,CCM,TROY DOWNING FOR CONGRESS,BILLINGS,MT,59104,,,1152026,2000,C00855288,H4MT02098,"DOWNING, TROY",12213647,1945638,,,4.03112E+18
C00313700,#N/A,#N/A,TRANSUNION POLITICAL ACTION COMMITTEE (TU PAC),B,N,M2,P2026,2.02602E+17,24K,CCM,TROY DOWNING FOR CONGRESS,BILLINGS,MT,59104,,,1312026,-1000,C00855288,H4MT02098,"DOWNING, TROY",19443766,1947716,,VOID - TROY DOWNING FOR CONGRESS,4.03132E+18
C00544817,#N/A,#N/A,STATE FARM MUTUAL AUTOMOBILE INSURANCE COMPANY FEDERAL POLITICAL ACTION COMMITTEE (STATE FARM FEDERAL PAC),B,N,M3,G2026,2.02603E+17,24K,CCM,TROY DOWNING FOR CONGRESS,BILLINGS,MT,591040333,,,2112026,2000,C00855288,H4MT02098,"DOWNING, TROY",C9821E6DDA8A803B921,1954752,,,4.03202E+18
C00004812,#N/A,#N/A,MORTGAGE BANKERS ASSOCIATION POLITICAL ACTION COMMITTEE (MORPAC),B,N,M3,P2026,2.02603E+17,24K,CCM,TROY DOWNING FOR CONGRESS,BILLINGS,MT,591040333,,,2272026,1000,C00855288,H4MT02098,"DOWNING, TROY",B01B51260699F4BC284A,1955643,,,4.03242E+18
C00164939,#N/A,#N/A,MINN-DAK FARMERS COOPERATIVE SUGAR PAC (MDSPAC),U,N,Q1,P2026,2.02604E+17,24K,CCM,TROY DOWNING FOR CONGRESS,BILLINGS,MT,59104,,,2172026,1000,C00855288,H4MT02098,"DOWNING, TROY",SB23.31331,1958469,,,4.04072E+18
C00410274,#N/A,#N/A,MASTERCARD INTERNATIONAL INC. EMPLOYEE PAC (MASTERCARD PAC) OR (MASTERCARD EMPLOYEE PAC),B,N,M3,P2026,2.02603E+17,24K,CCM,TROY DOWNING FOR CONGRESS,BILLINGS,MT,591040333,,,2252026,1000,C00855288,H4MT02098,"DOWNING, TROY",BC64FB3332B604E6AAF5,1953470,,,4.03172E+18
C00567792,#N/A,#N/A,"NATIONAL ASSOCIATION OF RESIDENTIAL PROPERTY MANGERS, INC. POLITICAL ACTION COMMITTEE (NARPM PAC)",U,N,Q1,P2026,2.02604E+17,24K,CCM,TROY DOWNING FOR CONGRESS,BILLINGS,MT,59104,,,2062026,1000,C00855288,H4MT02098,"DOWNING, TROY",SB23.7685,1961057,,,4.04202E+18
C00446674,#N/A,#N/A,WESTERN SUGAR COOPERATIVE PAC,U,N,Q1,G2026,2.02604E+17,24K,CCM,TROY DOWNING FOR CONGRESS,BILLINGS,MT,59104,,,2242026,2000,C00855288,H4MT02098,"DOWNING, TROY",12289575,1958626,,,4.04082E+18
C00066472,#N/A,#N/A,AMERICAN PROPERTY CASUALTY INSURANCE ASSOCIATION POLITICAL ACTION COMMITTEE (INSURING AMERICA PAC),B,N,M3,P2026,2.02603E+17,24K,CCM,TROY DOWNING FOR CONGRESS,BILLINGS,MT,591040333,,,2092026,1000,C00855288,H4MT02098,"DOWNING, TROY",50869DE3DD50D6FDCA2,1955044,,,4.03242E+18
C00559302,#N/A,#N/A,FS PAC,B,N,Q1,P2026,2.02604E+17,24K,CCM,TROY DOWNING FOR CONGRESS,BILLINGS,MT,59104,,,1142026,3000,C00855288,H4MT02098,"DOWNING, TROY",BBDCFA169A76D4029872,1965466,,,4.04152E+18
C00105981,#N/A,#N/A,INVESTMENT COMPANY INSTITUTE POLITICAL ACTION COMMITTEE (ICI PAC),B,N,M3,P2021,2.02603E+17,24K,CCM,TROY DOWNING FOR CONGRESS,HELENA,MT,59624,,,2112026,3000,C00855288,H4MT02098,"DOWNING, TROY",22363695,1954863,,,4.03242E+18
C00158881,#N/A,#N/A,NEW YORK LIFE INSURANCE COMPANY POLITICAL ACTION COMMITTEE,B,N,M3,P2026,2.02603E+17,24K,CCM,TROY DOWNING FOR CONGRESS,BILLINGS,MT,59104,,,2122026,2500,C00855288,H4MT02098,"DOWNING, TROY",24491743,1953922,,CONTRIBUTION,4.03182E+18
C00702050,#N/A,#N/A,U.S. MORTGAGE INSURERS POLITICAL ACTION COMMITTEE (USMI-PAC),B,N,Q1,P2026,2.02604E+17,24K,CCM,TROY DOWNING FOR CONGRESS,WASHINGTON,DC,20003,,,2062026,1000,C00855288,H4MT02098,"DOWNING, TROY",B917244,1966247,,,4.04292E+18
C00130773,#N/A,#N/A,NATIONAL MULTIFAMILY HOUSING COUNCIL AND REAL ESTATE TECHNOLOGY AND TRANSFORMATION CENTER POLITICAL ACTION COMMITTEE (NMHC PAC),B,N,M3,P2026,2.02603E+17,24K,CCM,TROY DOWNING FOR CONGRESS,BILLINGS,MT,59104,,,2062026,1000,C00855288,H4MT02098,"DOWNING, TROY",90862119,1954029,,,4.03182E+18
C00409789,#N/A,#N/A,"BLESSEY MARINE SERVICE, INC. POLITICAL ACTION COMMITTEE",U,N,Q1,P2026,2.02604E+17,24K,CCM,TROY DOWNING FOR CONGRESS,HELENA,MT,59624,,,1212026,2000,C00855288,H4MT02098,"DOWNING, TROY",SB23.17104,1963900,,,4.05052E+18
C00431361,#N/A,#N/A,TEACHERS INSURANCE ANNUITY ASSOCIATION OF AMERICA PAC (TIAA PAC),B,N,M3,P2026,2.02603E+17,24K,CCM,TROY DOWNING FOR CONGRESS,WASHINGTON,DC,20003,,,2202026,1000,C00855288,H4MT02098,"DOWNING, TROY",B918026,1955445,,,4.03242E+18
C00167684,#N/A,#N/A,AMERICAN SUGARBEET GROWERS ASSOCIATION PAC,U,N,Q1,P2026,2.02604E+17,24K,CCM,TROY DOWNING FOR CONGRESS,HELENA,MT,59624,,,3132026,1000,C00855288,H4MT02098,"DOWNING, TROY",SB23.9474,1961886,,,4.04272E+18
C00480863,#N/A,#N/A,"NATIONAL SHOOTING SPORTS FOUNDATION, INC. POLITICAL ACTION COMMITTEE (NSSF PAC)",B,N,M3,P2026,2.02603E+17,24K,CCM,TROY DOWNING FOR CONGRESS,BILLINGS,MT,591040333,,,2102026,1500,C00855288,H4MT02098,"DOWNING, TROY",7D40BBDBCA7042CAADE,1954606,,,4.03202E+18
C00107235,#N/A,#N/A,PRICEWATERHOUSECOOPERS POLITICAL ACTION COMMITTEE I,B,N,M2,G2026,2.02602E+17,24K,CCM,TROY DOWNING FOR CONGRESS,BILLINGS,MT,591040333,,,1282026,2000,C00855288,H4MT02098,"DOWNING, TROY",C2B820AE3B95A52C139,1949109,,,4.03162E+18
C00106146,#N/A,#N/A,AMERICAN HOSPITAL ASSOCIATION PAC,B,N,M2,P2026,2.02602E+17,24K,CCM,TROY DOWNING FOR CONGRESS,BILLINGS,MT,59104,,,1292026,1000,C00855288,H4MT02098,"DOWNING, TROY",28065648,1949104,,CONTRIBUTION,4.03162E+18
C00097485,#N/A,#N/A,"MERCK & CO., INC., EMPLOYEES POLITICAL ACTION COMMITTEE (MERCK PAC)",B,N,M7,G2026,2.02607E+17,24K,CCM,TROY DOWNING FOR CONGRESS,BILLINGS,MT,59104,,,6222026,1000,C00855288,H4MT02098,"DOWNING, TROY",91343357,1999709,,CONTRIBUTION,4.08022E+18
C00450916,#N/A,#N/A,ASURION LLC POLITICAL ACTION COMMITTEE (ASURION PAC),B,N,M7,G2026,2.02607E+17,24K,CCM,TROY DOWNING FOR CONGRESS,HELENA,MT,59624,,,6052026,2500,C00855288,H4MT02098,"DOWNING, TROY",SB23.8336,1999739,,,4.08022E+18
C00380550,#N/A,#N/A,FMR LLC POLITICAL ACTION COMMITTEE - FEDERAL (FIDELITY PAC),B,N,M2,P2026,2.02602E+17,24K,CCM,TROY DOWNING FOR CONGRESS,BILLINGS,MT,591040333,,,1292026,2500,C00855288,H4MT02098,"DOWNING, TROY",9326B0E6C3223459095,1948760,,,4.03162E+18
C00380550,#N/A,#N/A,FMR LLC POLITICAL ACTION COMMITTEE - FEDERAL (FIDELITY PAC),B,N,M2,G2026,2.02602E+17,24K,CCM,TROY DOWNING FOR CONGRESS,BILLINGS,MT,591040333,,,1292026,500,C00855288,H4MT02098,"DOWNING, TROY",57CDD883317A8D29D06,1948760,,,4.03162E+18
C00495002,#N/A,#N/A,AMERICAN INVESTMENT COUNCIL POLITICAL ACTION COMMITTEE,B,N,M2,P2026,2.02602E+17,24K,CCM,TROY DOWNING FOR CONGRESS,BILLINGS,MT,59104,,,1222026,3500,C00855288,H4MT02098,"DOWNING, TROY",19436822,1948847,,,4.03142E+18
C00914614,#N/A,#N/A,"THE BALDWIN INSURANCE GROUP, INC. FEDERAL PAC",U,N,Q1,P2026,2.02604E+17,24K,CCM,TROY DOWNING FOR CONGRESS,BILLINGS,MT,59104,,,2232026,1000,C00855288,H4MT02098,"DOWNING, TROY",SB23.4173,1958198,,,4.04072E+18
C00326389,#N/A,#N/A,AMALGAMATED SUGAR COMPANY POLITICAL ACTION COMMITTEE,U,N,M4,G2026,2.02604E+17,24K,CCM,TROY DOWNING FOR CONGRESS,BILLINGS,MT,59104,,,3042026,1000,C00855288,H4MT02098,"DOWNING, TROY",19503972,1959717,,,4.04172E+18
C00034785,#N/A,#N/A,ACPAC ACA INTERNATIONAL POLITICAL ACTION COMMITTEE,B,N,Q1,G2026,2.02604E+17,24K,CCM,TROY DOWNING FOR CONGRESS,BILLINGS,MT,59104,,,3042026,2500,C00855288,H4MT02098,"DOWNING, TROY",B062E3C3F5AC4434586C,1965629,,,4.05052E+18
C00507392,#N/A,#N/A,"ENCORE CAPITAL GROUP, INC. POLITICAL ACTION COMMITTEE",U,N,M3,P2026,2.02603E+17,24K,CCM,TROY DOWNING FOR CONGRESS,BILLINGS,MT,591040333,,,2252026,5000,C00855288,H4MT02098,"DOWNING, TROY",BB60F35C4AB8A4DC8B55,1954567,,,4.03202E+18
C00254953,#N/A,#N/A,JACKSON HOLDINGS LLC AND JACKSON NATIONAL LIFE INSURANCE COMPANY SEPARATE SEGREGATED FUND (JACKSON N,B,N,Q1,P2026,2.02604E+17,24K,CCM,TROY DOWNING FOR CONGRESS,BILLINGS,MT,59104,,,3232026,1000,C00855288,H4MT02098,"DOWNING, TROY",B3D763722DF2A4BC5BA7,1959615,,,4.04142E+18
C00390583,#N/A,#N/A,"BHFS-E, PC PAC (BROWNSTEIN HYATT FARBER SCHRECK POLITICAL ACTION COMMITTEE)",B,N,M2,P2026,2.02602E+17,24K,CCM,TROY DOWNING FOR CONGRESS,BILLINGS,MT,591040333,,,1222026,1000,C00855288,H4MT02098,"DOWNING, TROY",9C67EA50EC5B2A0CB56,1947386,,,4.03122E+18
C00450916,#N/A,#N/A,ASURION LLC POLITICAL ACTION COMMITTEE (ASURION PAC),B,N,M4,P2026,2.02604E+17,24K,CCM,TROY DOWNING FOR CONGRESS,HELENA,MT,59624,,,3192026,-2000,C00855288,H4MT02098,"DOWNING, TROY",SB23.8199,1960239,,,4.04172E+18
C00022343,#N/A,#N/A,"INDEPENDENT INSURANCE AGENTS & BROKERS OF AMERICA, INC. POLITICAL ACTION COMMITTEE (INSURPAC)",B,N,M4,G2026,2.02604E+17,24K,CCM,TROY DOWNING FOR CONGRESS,HELENA,MT,59624,,,3162026,1000,C00855288,H4MT02098,"DOWNING, TROY",22484841,1960242,,,4.04142E+18
C00147066,#N/A,#N/A,AMERICAN COUNCIL OF LIFE INSURERS POLITICAL ACTION COMMITTEE,B,N,M2,P2026,2.02602E+17,24K,CCM,TROY DOWNING FOR CONGRESS,BILLINGS,MT,59104,,,1272026,2000,C00855288,H4MT02098,"DOWNING, TROY",90801765,1947251,,POLITICAL CONTRIBUTION,4.03122E+18
C00147066,#N/A,#N/A,AMERICAN COUNCIL OF LIFE INSURERS POLITICAL ACTION COMMITTEE,B,N,M2,G2026,2.02602E+17,24K,CCM,TROY DOWNING FOR CONGRESS,BILLINGS,MT,59104,,,1272026,1000,C00855288,H4MT02098,"DOWNING, TROY",90801766,1947251,,POLITICAL CONTRIBUTION,4.03122E+18
C00040535,#N/A,#N/A,AMERICAN EXPRESS COMPANY POLITICAL ACTION COMMITTEE (AXPPAC),B,N,M2,G2026,2.02602E+17,24K,CCM,TROY DOWNING FOR CONGRESS,WASHINGTON,DC,20003,,,1132026,1500,C00855288,H4MT02098,"DOWNING, TROY",B915594,1947268,,,4.03122E+18
C00040535,#N/A,#N/A,AMERICAN EXPRESS COMPANY POLITICAL ACTION COMMITTEE (AXPPAC),B,N,M2,P2026,2.02602E+17,24K,CCM,TROY DOWNING FOR CONGRESS,WASHINGTON,DC,20003,,,1132026,1500,C00855288,H4MT02098,"DOWNING, TROY",B915595,1947268,,,4.03122E+18
C00313700,#N/A,#N/A,TRANSUNION POLITICAL ACTION COMMITTEE (TU PAC),B,A,M3,P2026,2.02603E+17,24K,CCM,TROY DOWNING FOR CONGRESS,BILLINGS,MT,59104,,,2242026,1000,C00855288,H4MT02098,"DOWNING, TROY",19451742,1956199,,CONTRIBUTIONS TO FEDERAL CANDIDATES,4.03252E+18
C00144766,#N/A,#N/A,NATIONAL BEER WHOLESALERS ASSOCIATION POLITICAL ACTION COMMITTEE,B,N,M5,P2026,2.02605E+17,24K,CCM,TROY DOWNING FOR CONGRESS,BILLINGS,MT,59104,,,4132026,1000,C00855288,H4MT02098,"DOWNING, TROY",B148515D112794BB3A1E,1974103,,,4.06032E+18
C00000729,#N/A,#N/A,AMERICAN DENTAL ASSOCIATION POLITICAL ACTION COMMITTEE,B,N,M7,P2026,2.02607E+17,24K,CCM,TROY DOWNING FOR CONGRESS,HELENA,MT,59624,,,6022026,2500,C00855288,H4MT02098,"DOWNING, TROY",20261530039370,2000242,,,4.07312E+18
C00307249,#N/A,#N/A,"CITIZENS FINANCIAL GROUP, INC. POLITICAL ACTION COMMITTEE (CITIZENS PAC)",B,N,M7,G2026,2.02607E+17,24K,CCM,TROY DOWNING FOR CONGRESS,BILLINGS,MT,59104,,,6102026,1000,C00855288,H4MT02098,"DOWNING, TROY",91452172,1999519,,CONTRIBUTION: TROY DOWNING (R-2ND MT),4.08132E+18
C00544817,#N/A,#N/A,STATE FARM MUTUAL AUTOMOBILE INSURANCE COMPANY FEDERAL POLITICAL ACTION COMMITTEE (STATE FARM FEDERAL PAC),B,N,M7,G2026,2.02607E+17,24K,CCM,TROY DOWNING FOR CONGRESS,BILLINGS,MT,591040333,,,6192026,1000,C00855288,H4MT02098,"DOWNING, TROY",207AB9663D56C54A373,2000445,,,4.07302E+18
C00022343,#N/A,#N/A,"INDEPENDENT INSURANCE AGENTS & BROKERS OF AMERICA, INC. POLITICAL ACTION COMMITTEE (INSURPAC)",B,N,M7,G2026,2.02607E+17,24K,CCM,TROY DOWNING FOR CONGRESS,HELENA,MT,59624,,,6152026,2500,C00855288,H4MT02098,"DOWNING, TROY",22720364,2000324,,,4.07312E+18
C00366468,#N/A,#N/A,"CORECIVIC, INC. POLITICAL ACTION COMMITTEE (CORECIVIC PAC)",B,N,M7,G2026,2.02607E+17,24K,CCM,TROY DOWNING FOR CONGRESS,BILLINGS,MT,591040333,,,6102026,1000,C00855288,H4MT02098,"DOWNING, TROY",B4EFCDE956EAA404E8AC,2000327,,,4.07312E+18
C00251876,#N/A,#N/A,AMGEN INC. POLITICAL ACTION COMMITTEE,B,N,M7,G2026,2.02607E+17,24K,CCM,TROY DOWNING FOR CONGRESS,BILLINGS,MT,59104,,,6102026,1000,C00855288,H4MT02098,"DOWNING, TROY",91316186,1999687,,CONTRIBUTION,4.08022E+18
C00035535,#N/A,#N/A,CONSUMER BANKERS ASSOCIATION PAC,B,N,M7,G2026,2.02607E+17,24K,CCM,TROY DOWNING FOR CONGRESS,BILLINGS,MT,59104,,,6302026,1000,C00855288,H4MT02098,"DOWNING, TROY",19694685,2000382,,,4.07302E+18
C00235036,#N/A,#N/A,"ZURICH HOLDING COMPANY OF AMERICA, INC. COMMITTEE FOR GOOD GOVERNMENT (Z-PAC, ZURICH PAC)",B,N,M7,G2026,2.02607E+17,24K,CCM,TROY DOWNING FOR CONGRESS,BILLINGS,MT,59104,,,6032026,2500,C00855288,H4MT02098,"DOWNING, TROY",B925405,1999757,,,4.08022E+18
C00165589,#N/A,#N/A,HUNTINGTON BANCSHARES INC. POLITICAL ACTION COMMITTEE  (HBI-PAC),B,A,M3,P2026,2.02605E+17,24K,CCM,TROY DOWNING FOR CONGRESS,BILLINGS,MT,591040333,,,2272026,1000,C00855288,H4MT02098,"DOWNING, TROY",086C43172682B6B4DAF,1977648,,,4.06162E+18
C00158881,#N/A,#N/A,NEW YORK LIFE INSURANCE COMPANY POLITICAL ACTION COMMITTEE,B,N,M7,G2026,2.02607E+17,24K,CCM,TROY DOWNING FOR CONGRESS,BILLINGS,MT,59104,,,6252026,500,C00855288,H4MT02098,"DOWNING, TROY",25011504,2000518,,CONTRIBUTION,4.07302E+18
C00158881,#N/A,#N/A,NEW YORK LIFE INSURANCE COMPANY POLITICAL ACTION COMMITTEE,B,N,M7,G2026,2.02607E+17,24K,CCM,TROY DOWNING FOR CONGRESS,BILLINGS,MT,59104,,,6252026,2000,C00855288,H4MT02098,"DOWNING, TROY",25011505,2000518,,CONTRIBUTION,4.07302E+18
C00384818,#N/A,#N/A,CVS HEALTH PAC,B,N,M5,P2026,2.02605E+17,24K,CCM,TROY DOWNING FOR CONGRESS,BILLINGS,MT,591040333,,,4102026,3000,C00855288,H4MT02098,"DOWNING, TROY",8F304F3CAE94873D1BD,1977572,,,4.06162E+18
C00384818,#N/A,#N/A,CVS HEALTH PAC,B,N,M5,P2026,2.02605E+17,24K,CCM,TROY DOWNING FOR CONGRESS,BILLINGS,MT,591040333,,,4102026,-3000,C00855288,H4MT02098,"DOWNING, TROY",BFF649E38E0AB085467,1977572,,,4.06162E+18
C00000901,#N/A,#N/A,BUILD POLITICAL ACTION COMMITTEE OF THE NATIONAL ASSOCIATION OF HOME BUILDERS (BUILDPAC),B,N,M7,G2026,2.02607E+17,24K,CCM,TROY DOWNING FOR CONGRESS,BILLINGS,MT,591040333,,,6232026,5000,C00855288,H4MT02098,"DOWNING, TROY",72B170390763C8F6A86,1999495,,,4.08132E+18
C00130773,#N/A,#N/A,NATIONAL MULTIFAMILY HOUSING COUNCIL AND REAL ESTATE TECHNOLOGY AND TRANSFORMATION CENTER POLITICAL ACTION COMMITTEE (NMHC PAC),B,N,M7,G2026,2.02607E+17,24K,CCM,TROY DOWNING FOR CONGRESS,BILLINGS,MT,59104,,,6252026,1000,C00855288,H4MT02098,"DOWNING, TROY",91359288,1993450,,,4.07282E+18
C00495002,#N/A,#N/A,AMERICAN INVESTMENT COUNCIL POLITICAL ACTION COMMITTEE,B,N,M7,G2026,2.02607E+17,24K,CCM,TROY DOWNING FOR CONGRESS,BILLINGS,MT,59104,,,6242026,1500,C00855288,H4MT02098,"DOWNING, TROY",19689388,2000127,,,4.07312E+18
C00325332,#N/A,#N/A,AMERICAN SENIORS HOUSING ASSOCIATION (SENIORS HOUSING PAC),B,N,M5,P2026,2.02605E+17,24K,CCM,TROY DOWNING FOR CONGRESS,ALEXANDRIA,VA,22314,,,4272026,1500,C00855288,H4MT02098,"DOWNING, TROY",91144497,1973569,,,4.06032E+18
C00012245,#N/A,#N/A,UBS AMERICAS INC. POLITICAL ACTION COMMITTEE (UBS PAC),B,N,M5,P2026,2.02605E+17,24K,CCM,TROY DOWNING FOR CONGRESS,BILLINGS,MT,591040333,,,4292026,5000,C00855288,H4MT02098,"DOWNING, TROY",B946E79E2F7B382E09A,1977151,,,4.06162E+18
C00457697,#N/A,#N/A,MOLSON COORS BEVERAGE COMPANY USA LLC PAC,B,N,M7,G2026,2.02607E+17,24K,CCM,TROY DOWNING FOR CONGRESS,BILLINGS,MT,59104,,,6232026,1000,C00855288,H4MT02098,"DOWNING, TROY",B1CDDD91C22604E729C4,1999253,,,4.07292E+18
C00076299,#N/A,#N/A,CME GROUP INC. PAC,B,N,M4,P2026,2.02604E+17,24K,CCM,TROY DOWNING FOR CONGRESS,BILLINGS,MT,59104,,,3182026,2500,C00855288,H4MT02098,"DOWNING, TROY",B1D2D5B3F1B80494EAB3,1968670,,,4.04242E+18
C00325332,#N/A,#N/A,AMERICAN SENIORS HOUSING ASSOCIATION (SENIORS HOUSING PAC),B,N,M6,P2026,2.02606E+17,24K,CCM,TROY DOWNING FOR CONGRESS,ALEXANDRIA,VA,22314,,,5262026,1000,C00855288,H4MT02098,"DOWNING, TROY",91238950,1982055,,,4.06092E+18
C00170258,#N/A,#N/A,NATIONAL ASSOCIATION OF MUTUAL INSURANCE COMPANIES PAC,B,N,M6,G2026,2.02606E+17,24K,CCM,TROY DOWNING FOR CONGRESS,HELENA,MT,596240322,,,5262026,2000,C00855288,H4MT02098,"DOWNING, TROY",BFA0172A12D824BA8AE5,1984568,,,4.07082E+18
C00170258,#N/A,#N/A,NATIONAL ASSOCIATION OF MUTUAL INSURANCE COMPANIES PAC,B,N,M6,P2026,2.02606E+17,24K,CCM,TROY DOWNING FOR CONGRESS,HELENA,MT,596240322,,,5262026,500,C00855288,H4MT02098,"DOWNING, TROY",BF47ACDAE030C433A970,1984568,,,4.07082E+18
C00511444,#N/A,#N/A,"THE HARTFORD INSURANCE GROUP, INC. FEDERAL PAC (AKA HARTFORD ADVOCATES FEDERAL FUND)",B,N,M6,G2026,2.02606E+17,24K,CCM,TROY DOWNING FOR CONGRESS,BILLINGS,MT,591040333,,,5182026,1000,C00855288,H4MT02098,"DOWNING, TROY",BB172664A23464B37A7E,1982081,,,4.06232E+18
C00511444,#N/A,#N/A,"THE HARTFORD INSURANCE GROUP, INC. FEDERAL PAC (AKA HARTFORD ADVOCATES FEDERAL FUND)",B,N,M6,P2026,2.02606E+17,24K,CCM,TROY DOWNING FOR CONGRESS,BILLINGS,MT,591040333,,,5182026,2500,C00855288,H4MT02098,"DOWNING, TROY",B1C4D9F73E8C945DD86A,1982081,,,4.06232E+18
C00105981,#N/A,#N/A,INVESTMENT COMPANY INSTITUTE POLITICAL ACTION COMMITTEE (ICI PAC),B,N,M6,G2026,2.02606E+17,24K,CCM,TROY DOWNING FOR CONGRESS,HELENA,MT,59624,,,5122026,2500,C00855288,H4MT02098,"DOWNING, TROY",22634499,1985773,,,4.07132E+18
C00780304,#N/A,#N/A,"ROBINHOOD MARKETS, INC. PAC",B,N,M6,P2026,2.02606E+17,24K,CCM,TROY DOWNING FOR CONGRESS,BILLINGS,MT,59104,,,5062026,2500,C00855288,H4MT02098,"DOWNING, TROY",B875C8DF958664418AB4,1981308,,,4.06232E+18
C00110338,#N/A,#N/A,AMERICAN CRYSTAL SUGAR COMPANY POLITICAL ACTION COMMITTEE,B,N,M5,P2021,2.02605E+17,24K,CCM,TROY DOWNING FOR CONGRESS,BILLINGS,MT,59104,,,4062026,5000,C00855288,H4MT02098,"DOWNING, TROY",52277309,1974926,,,4.06052E+18
C00540518,#N/A,#N/A,THE CAPITAL GROUP COMPANIES INC POLITICAL ACTION COMMITTEE,B,N,M6,P2026,2.02606E+17,24K,CCM,TROY DOWNING FOR CONGRESS,BILLINGS,MT,59104,,,5272026,1500,C00855288,H4MT02098,"DOWNING, TROY",B7507572382684E59B9B,1984997,,,4.07082E+18
C00082040,#N/A,#N/A,CHAMBER OF COMMERCE OF THE UNITED STATES OF AMERICA PAC (US CHAMBER PAC),B,N,M6,P2026,2.02606E+17,24K,CCM,TROY DOWNING FOR CONGRESS,BILLINGS,MT,591040322,,,5132026,1000,C00855288,H4MT02098,"DOWNING, TROY",B82BDA4A95396402AA84,1984454,,,4.07122E+18
C00494534,#N/A,#N/A,THE BANK OF NEW YORK MELLON CORPORATION FEDERAL PAC (BNY FEDPAC),B,N,M6,P2026,2.02606E+17,24K,CCM,TROY DOWNING FOR CONGRESS,BILLINGS,MT,59104,,,5132026,2500,C00855288,H4MT02098,"DOWNING, TROY",B6DD60A34AD884DFFB8D,1984649,,,4.07102E+18
C00874982,#N/A,#N/A,FRANKLIN RESOURCES INC POLITICAL ACTION COMMITTEE (FRANKLIN TEMPLETON PAC),B,N,M6,P2026,2.02606E+17,24K,CCM,TROY DOWNING FOR CONGRESS,ALEXANDRIA,VA,22314,,,5192026,2500,C00855288,H4MT02098,"DOWNING, TROY",B924248,1984433,,,4.07122E+18
C00874982,#N/A,#N/A,FRANKLIN RESOURCES INC POLITICAL ACTION COMMITTEE (FRANKLIN TEMPLETON PAC),B,N,M6,P2026,2.02606E+17,24K,CCM,TROY DOWNING FOR CONGRESS,ALEXANDRIA,VA,22314,,,5112026,2500,C00855288,H4MT02098,"DOWNING, TROY",B923560,1984433,,,4.07122E+18
C00066472,#N/A,#N/A,AMERICAN PROPERTY CASUALTY INSURANCE ASSOCIATION POLITICAL ACTION COMMITTEE (INSURING AMERICA PAC),B,N,M7,G2026,2.02607E+17,24K,CCM,TROY DOWNING FOR CONGRESS,BILLINGS,MT,591040333,,,6232026,2500,C00855288,H4MT02098,"DOWNING, TROY",F1337F49AA485A13415,1999909,,,4.08012E+18
C00235739,#N/A,#N/A,BNSF RAILWAY COMPANY RAILPAC (BNSF RAILPAC),B,N,M6,G2026,2.02606E+17,24K,CCM,TROY DOWNING FOR CONGRESS,ALEXANDRIA,VA,22314,,,5152026,500,C00855288,H4MT02098,"DOWNING, TROY",B924040,1984392,,,4.07082E+18
C00235739,#N/A,#N/A,BNSF RAILWAY COMPANY RAILPAC (BNSF RAILPAC),B,N,M6,P2026,2.02606E+17,24K,CCM,TROY DOWNING FOR CONGRESS,ALEXANDRIA,VA,22314,,,5152026,1500,C00855288,H4MT02098,"DOWNING, TROY",B924041,1984392,,,4.07082E+18
C00458158,#N/A,#N/A,LKQ CORPORATION EMPLOYEE GOOD GOVERNMENT FUND,B,A,M4,P2026,2.02606E+17,24K,CCM,TROY DOWNING FOR CONGRESS,BILLINGS,MT,591040333,,,3172026,3000,C00855288,H4MT02098,"DOWNING, TROY",9F8CD875583AC2935D9,1985681,,,4.07122E+18
C00414474,#N/A,#N/A,AMERIPRISE FINANCIAL INC. POLITICAL ACTION COMMITTEE (AMERIPRISEPAC),B,N,12P,P2026,2.02606E+17,24K,CCM,TROY DOWNING FOR CONGRESS,ALEXANDRIA,VA,22314,,,5292026,1000,C00855288,H4MT02098,"DOWNING, TROY",B925006,1982568,,,4.06262E+18
C00113241,#N/A,#N/A,NATIONAL APARTMENT ASSOCIATION POLITICAL ACTION COMMITTEE,B,N,M4,P2026,2.02604E+17,24K,CCM,TROY DOWNING FOR CONGRESS,ALEXANDRIA,VA,223145404,,,3312026,5000,C00855288,H4MT02098,"DOWNING, TROY",B9C3AC937A047453AB29,1968360,,,4.05262E+18
C00254953,#N/A,#N/A,JACKSON HOLDINGS LLC AND JACKSON NATIONAL LIFE INSURANCE COMPANY SEPARATE SEGREGATED FUND (JACKSON N,B,N,M6,P2026,2.02606E+17,24K,CCM,TROY DOWNING FOR CONGRESS,BILLINGS,MT,591045404,,,5202026,1000,C00855288,H4MT02098,"DOWNING, TROY",B72183A531933438D8CC,1985148,,,4.07072E+18
C00012328,#N/A,#N/A,FLORIDA SUGAR CANE LEAGUE PAC,B,N,M4,P2026,2.02604E+17,24K,CCM,TROY DOWNING FOR CONGRESS,ALEXANDRIA,VA,223145404,,,3092026,1000,C00855288,H4MT02098,"DOWNING, TROY",B32E65A55D18043968D0,1968503,,,4.05272E+18
C00039578,#N/A,#N/A,THE COUNCIL OF INSURANCE AGENTS & BROKERS POLITICAL ACTION COMMITTEE,B,N,M6,G2026,2.02606E+17,24K,CCM,TROY DOWNING FOR CONGRESS,HELENA,MT,59624,,,5132026,5000,C00855288,H4MT02098,"DOWNING, TROY",52329619,1984440,,PAC CONTRIBUTION,4.07102E+18
C00165159,#N/A,#N/A,REPUBLICAN MAINSTREET PARTNERSHIP PAC,U,A,M2,P2026,2.02606E+17,24K,CCM,TROY DOWNING FOR CONGRESS,HELENA,MT,59624,,,1152026,1000,C00855288,H4MT02098,"DOWNING, TROY",SB23.95199,1983453,,,4.06302E+18
C00165159,#N/A,#N/A,REPUBLICAN MAINSTREET PARTNERSHIP PAC,U,A,M3,P2026,2.02606E+17,24K,CCM,TROY DOWNING FOR CONGRESS,HELENA,MT,59624,,,2192026,1000,C00855288,H4MT02098,"DOWNING, TROY",SB23.109866,1983454,,,4.06152E+18
C00165159,#N/A,#N/A,REPUBLICAN MAINSTREET PARTNERSHIP PAC,U,A,M4,P2026,2.02606E+17,24K,CCM,TROY DOWNING FOR CONGRESS,HELENA,MT,59624,,,3052026,1000,C00855288,H4MT02098,"DOWNING, TROY",SB23.134992,1983456,,,4.06302E+18
C00077321,#N/A,#N/A,AMERICAN INSTITUTE OF CERTIFIED PUBLIC ACCOUNTANTS POLITICAL ACTION COMMITTEE,B,N,M6,P2026,2.02606E+17,24K,CCM,TROY DOWNING FOR CONGRESS,BILLINGS,MT,59104,,,5262026,2500,C00855288,H4MT02098,"DOWNING, TROY",52352188,1983997,,,4.07012E+18
C00691618,#N/A,#N/A,THE SURETY & FIDELITY ASSOCIATION OF AMERICA POLITICAL ACTION COMMITTEE,B,N,Q2,G2026,2.02607E+17,24K,CCM,TROY DOWNING FOR CONGRESS,BILLINGS,MT,59104,,,6162026,1000,C00855288,H4MT02098,"DOWNING, TROY",B-10585,1993934,,,4.07282E+18
C00072751,#N/A,#N/A,STATE STREET BANK AND TRUST COMPANY VOLUNTARY POLITICAL ACTION COMMITTEE,B,N,M7,G2026,2.02607E+17,24K,CCM,TROY DOWNING FOR CONGRESS,BILLINGS,MT,591040333,,,6232026,1000,C00855288,H4MT02098,"DOWNING, TROY",CB12BACEFDEF920786E,1998041,,,4.07202E+18
C00364778,#N/A,#N/A,BANK OF AMERICA CORPORATION FEDERAL PAC,B,N,M7,G2026,2.02607E+17,24K,CCM,TROY DOWNING FOR CONGRESS,BILLINGS,MT,59104,,,6302026,2500,C00855288,H4MT02098,"DOWNING, TROY",B927553,1999135,,,4.07292E+18
C00589119,#N/A,#N/A,SYNCHRONY FINANCIAL EMPLOYEES POLITICAL ACTION COMMITTEE (SYNCPAC),B,N,M7,G2026,2.02607E+17,24K,CCM,TROY DOWNING FOR CONGRESS,BILLINGS,MT,591040333,,,6132026,5000,C00855288,H4MT02098,"DOWNING, TROY",906AAB5A1C1BFD97C18,1998536,,,4.07282E+18
C00164145,#N/A,#N/A,UNITED SERVICES AUTOMOBILE ASSOCIATION EMPLOYEE PAC - USAA EMPLOYEE PAC,B,N,M7,G2026,2.02607E+17,24K,CCM,TROY DOWNING FOR CONGRESS,BILLINGS,MT,591040333,,,6262026,2000,C00855288,H4MT02098,"DOWNING, TROY",7FE2E8A9FD712A74DB3,1998892,,,4.07292E+18
C00410266,#N/A,#N/A,THE VANGUARD GROUP COMMITTEE FOR RESPONSIBLE GOVERNMENT,B,N,M7,G2026,2.02607E+17,24K,CCM,TROY DOWNING FOR CONGRESS,BILLINGS,MT,59104,,,6232026,2500,C00855288,H4MT02098,"DOWNING, TROY",BF8F3349EC6E74A928FC,1998721,,,4.07292E+18
C00661272,#N/A,#N/A,WITH HONOR PAC,U,N,M6,P2026,2.02606E+17,24K,CCM,TROY DOWNING FOR CONGRESS,HELENA,MT,59624,,,5012026,5000,C00855288,H4MT02098,"DOWNING, TROY",SB23.9691,1983890,,,4.07012E+18
C00874982,#N/A,#N/A,FRANKLIN RESOURCES INC POLITICAL ACTION COMMITTEE (FRANKLIN TEMPLETON PAC),B,N,M7,G2026,2.02607E+17,24K,CCM,TROY DOWNING FOR CONGRESS,BILLINGS,MT,59104,,,6112026,1000,C00855288,H4MT02098,"DOWNING, TROY",B926008,1998929,,,4.07292E+18
C00254656,#N/A,#N/A,SUGAR CANE GROWERS COOPERATIVE OF FLORIDA (PAC),U,A,M4,P2026,2.02606E+17,24K,CCM,TROY DOWNING FOR CONGRESS,BILLINGS,MT,59104,,,3192026,500,C00855288,,#N/A,SB23.9719,1986471,,,4.06242E+18
C00417634,#N/A,#N/A,WHOLESALE & SPECIALTY INSURANCE ASSOCIATION (WSIA) PAC,B,N,M7,G2026,2.02607E+17,24K,CCM,TROY DOWNING FOR CONGRESS,BILLINGS,MT,591040333,,,6082026,2500,C00855288,H4MT02098,"DOWNING, TROY",BA6F5B9E0743FD4A999,1995805,,,4.07252E+18
C00147066,#N/A,#N/A,AMERICAN COUNCIL OF LIFE INSURERS POLITICAL ACTION COMMITTEE,B,N,M7,G2026,2.02607E+17,24K,CCM,TROY DOWNING FOR CONGRESS,BILLINGS,MT,59104,,,6222026,1000,C00855288,H4MT02098,"DOWNING, TROY",91349222,1999103,,DIRECT CONTRIBUTION,4.07292E+18
C00366013,#N/A,#N/A,"NASDAQ, INC. PAC (NASDAQ PAC)",B,N,M5,P2026,2.02605E+17,24K,CCM,TROY DOWNING FOR CONGRESS,BILLINGS,MT,59104,,,4232026,1000,C00855288,H4MT02098,"DOWNING, TROY",B84AEC14024FE454FA3E,1974246,,,4.06032E+18
C00380550,#N/A,#N/A,FMR LLC POLITICAL ACTION COMMITTEE - FEDERAL (FIDELITY PAC),B,N,M6,G2026,2.02606E+17,24K,CCM,TROY DOWNING FOR CONGRESS,BILLINGS,MT,591040333,,,5282026,3500,C00855288,H4MT02098,"DOWNING, TROY",F47194323F882B4CF0C,1983507,,,4.06292E+18
C00166348,#N/A,#N/A,SOUTHERN MINNESOTA BEET SUGAR COOPERATIVE POLITICAL ACTION COMMITTEE,U,N,M6,G2026,2.02606E+17,24K,CCM,TROY DOWNING FOR CONGRESS,BILLINGS,MT,59104,,,5262026,2000,C00855288,H4MT02098,"DOWNING, TROY",SB23.34794,1982228,,,4.06242E+18
C00010124,#N/A,#N/A,ASSOCIATED EQUIPMENT DISTRIBUTORS POLITICAL ACTION COMMITTEE,B,N,M7,G2026,2.02607E+17,24K,CCM,TROY DOWNING FOR CONGRESS,BILLINGS,MT,59104,,,6152026,1000,C00855288,H4MT02098,"DOWNING, TROY",19685416,1999120,,CONTRIBUTION TO FEDERAL CANDIDATE,4.07292E+18
C00354290,#N/A,#N/A,"AMERICAN FAMILY MUTUAL INSURANCE COMPANY, S.I. FEDERAL PAC (AMFAM PAC)",B,N,M7,G2026,2.02607E+17,24K,CCM,TROY DOWNING FOR CONGRESS,BILLINGS,MT,591045404,,,6302026,2500,C00855288,H4MT02098,"DOWNING, TROY",BD02B749AACED4C19BED,1999010,,,4.07292E+18
C00501429,#N/A,#N/A,TD BANK US HOLDING COMPANY POLITICAL ACTION COMMITTEE (TD BANK PAC),B,N,M6,P2026,2.02606E+17,24K,CCM,TROY DOWNING FOR CONGRESS,ALEXANDRIA,VA,22314,,,5042026,2500,C00855288,H4MT02098,"DOWNING, TROY",B923094,1983938,,,4.07022E+18
C00162735,#N/A,#N/A,FINANCIAL SERVICES POLITICAL COMMITTEE,U,N,M7,G2026,2.02607E+17,24K,CCM,TROY DOWNING FOR CONGRESS,BILLINGS,MT,59104,,,6302026,1000,C00855288,H4MT02098,"DOWNING, TROY",SB23.6401,1994170,,,4.07222E+18
C00384354,#N/A,#N/A,MICHIGAN SUGAR COMPANY GROWERS POLITICAL ACTION COMMITTEE,U,N,Q2,P2026,2.02607E+17,24K,CCM,TROY DOWNING FOR CONGRESS,BILLINGS,MT,59104,,,4142026,2500,C00855288,H4MT02098,"DOWNING, TROY",SB23.32866,1991067,,,4.07192E+18
C00342766,#N/A,#N/A,HF SINCLAIR POLITICAL ACTION COMMITTEE (DINO PAC),B,N,M4,P2026,2.02604E+17,24K,CCM,TROY DOWNING FOR CONGRESS,BILLINGS,MT,591040333,,,3302026,1000,C00855288,H4MT02098,"DOWNING, TROY",B737CD5DC0E744CA8B6A,1968778,,,4.05222E+18
C00797670,#N/A,#N/A,AMERICAN ISRAEL PUBLIC AFFAIRS COMMITTEE POLITICAL ACTION COMMITTEE,B,N,M4,P2026,2.02604E+17,24K,CCM,TROY DOWNING FOR CONGRESS,BILLINGS,MT,59104,,,3102026,5000,C00855288,H4MT02098,"DOWNING, TROY",BA416E2B58CE540E195D,1970275,,,4.05262E+18
C00030718,#N/A,#N/A,NATIONAL ASSOCIATION OF REALTORS POLITICAL ACTION COMMITTEE,B,N,M4,P2026,2.02604E+17,24K,CCM,TROY DOWNING FOR CONGRESS,HELENA,MT,59624,,,3252026,3000,C00855288,H4MT02098,"DOWNING, TROY",BA5DA0CB4C245480AA81,1969021,,,4.05272E+18
C00384818,#N/A,#N/A,CVS HEALTH PAC,B,N,M4,G2026,2.02604E+17,24K,CCM,TROY DOWNING FOR CONGRESS,BILLINGS,MT,591040333,,,3132026,500,C00855288,H4MT02098,"DOWNING, TROY",68A99F0A6313DC47C8A,1969213,,,4.06022E+18
C00384818,#N/A,#N/A,CVS HEALTH PAC,B,N,M4,P2026,2.02604E+17,24K,CCM,TROY DOWNING FOR CONGRESS,BILLINGS,MT,591040333,,,3132026,2000,C00855288,H4MT02098,"DOWNING, TROY",652C074D425AF9F2263,1969213,,,4.06022E+18
C00432252,#N/A,#N/A,REGIONS FINANCIAL CORPORATION POLITICAL ACTION COMMITTEE,B,N,M7,G2026,2.02607E+17,24K,CCM,TROY DOWNING FOR CONGRESS,BILLINGS,MT,59104,,,6152026,2500,C00855288,H4MT02098,"DOWNING, TROY",BEF624D97DA8A4E6590E,1992130,,,4.07202E+18
C00817585,#N/A,#N/A,WESTERN ALLIANCE BANCORPORATION POLITICAL ACTION COMMITTEE (WABPAC),B,N,M7,G2026,2.02607E+17,24K,CCM,TROY DOWNING FOR CONGRESS,BILLINGS,MT,59104,,,6042026,2500,C00855288,H4MT02098,"DOWNING, TROY",22682121,1999876,,DIRECT CONTRIBUTION,4.08012E+18
C00337626,#N/A,#N/A,MORGAN STANLEY POLITICAL ACTION COMMITTEE,B,N,M7,G2026,2.02607E+17,24K,CCM,TROY DOWNING FOR CONGRESS,BILLINGS,MT,59104,,,6172026,2500,C00855288,H4MT02098,"DOWNING, TROY",B2663EA0A31DA4DE79D8,2000350,,,4.07302E+18
C00034157,#N/A,#N/A,AFLAC POLITICAL ACTION COMMITTEE (AFLAC PAC),B,N,M7,G2026,2.02607E+17,24K,CCM,TROY DOWNING FOR CONGRESS,BILLINGS,MT,59104,,,6252026,5000,C00855288,H4MT02098,"DOWNING, TROY",BB73C6C4385824F1CAAF,2000847,,,4.07302E+18
C00431312,#N/A,#N/A,SECURITIES INDUSTRY AND FINANCIAL MARKETS ASSOCIATION POLITICAL ACTION COMMITTEE,B,N,M5,P2026,2.02605E+17,24K,CCM,TROY DOWNING FOR CONGRESS,BILLINGS,MT,591040333,,,4302026,1000,C00855288,H4MT02098,"DOWNING, TROY",B2C67BF4673A04B0AA9B,1975085,,,4.06092E+18
C00306894,#N/A,#N/A,MANAGED FUNDS ASSOCIATION POLITICAL ACTION COMMITTEE,B,N,M7,G2026,2.02607E+17,24K,CCM,TROY DOWNING FOR CONGRESS,BILLINGS,MT,591040333,,,6252026,1000,C00855288,H4MT02098,"DOWNING, TROY",6942F5F103CDC0F3135,1999947,,,4.08012E+18
C00038604,#N/A,#N/A,AMERICAN FINANCIAL SERVICES ASSOCIATION PAC,U,N,M4,P2026,2.02604E+17,24K,CCM,TROY DOWNING FOR CONGRESS,BILLINGS,MT,59104,,,3312026,-1000,C00855288,H4MT02098,"DOWNING, TROY",B06E642D64B4F4134BB7,1969330,,,4.06022E+18
C00406215,#N/A,#N/A,NATIONWIDE MUTUAL INSURANCE COMPANY FINANCIAL & INVESTMENTS POLITICAL ACTION COMMITTEE,B,N,M5,P2026,2.02605E+17,24K,CCM,TROY DOWNING FOR CONGRESS,BILLINGS,MT,591040333,,,4302026,1000,C00855288,H4MT02098,"DOWNING, TROY",D47257E563DB0D634E1,1976481,,,4.06112E+18
C00122101,#N/A,#N/A,SAFARI CLUB INTERNATIONAL PAC (SCI-PAC),B,N,M4,G2026,2.02604E+17,24K,CCM,TROY DOWNING FOR CONGRESS,HELENA,MT,59624,,,3192026,5000,C00855288,H4MT02098,"DOWNING, TROY",SB23.37903,1970187,,,4.05282E+18
C00513549,#N/A,#N/A,PHILLIPS 66 PAC,B,N,M5,P2026,2.02605E+17,24K,CCM,TROY DOWNING FOR CONGRESS,BILLINGS,MT,591040322,,,4182026,4000,C00855288,H4MT02098,"DOWNING, TROY",B8C90B3236D304691AA5,1976642,,,4.06102E+18
C00088591,#N/A,#N/A,EMPLOYEES OF NORTHROP GRUMMAN CORPORATION PAC,B,N,M4,G2026,2.02604E+17,24K,CCM,TROY DOWNING FOR CONGRESS,BILLINGS,MT,59104,,,3242026,1000,C00855288,H4MT02098,"DOWNING, TROY",B920217,1969983,,,4.05282E+18
C00431361,#N/A,#N/A,TEACHERS INSURANCE ANNUITY ASSOCIATION OF AMERICA PAC (TIAA PAC),B,N,M7,G2026,2.02607E+17,24K,CCM,TROY DOWNING FOR CONGRESS,ALEXANDRIA,VA,22314,,,6222026,1000,C00855288,H4MT02098,"DOWNING, TROY",B926327,2000067,,,4.07312E+18
C00579540,#N/A,#N/A,ALLY FINANCIAL INC. ADVOCACY POLITICAL ACTION COMMITTEE,B,N,M4,P2026,2.02604E+17,24K,CCM,TROY DOWNING FOR CONGRESS,BILLINGS,MT,591040333,,,3182026,1000,C00855288,H4MT02098,"DOWNING, TROY",B038052916A4543F0B0D,1969839,,,4.05292E+18
C00105981,#N/A,#N/A,INVESTMENT COMPANY INSTITUTE POLITICAL ACTION COMMITTEE (ICI PAC),B,N,M4,G2026,2.02604E+17,24K,CCM,TROY DOWNING FOR CONGRESS,HELENA,MT,59624,,,3112026,1000,C00855288,H4MT02098,"DOWNING, TROY",22475663,1969169,,,4.06022E+18
C00550483,#N/A,#N/A,CONSUMER CREDIT INSURANCE ASSOCIATION DBA CONSUMER CREDIT INDUSTRY ASSOC PAC (CCIA PAC),U,A,M3,P2026,2.02607E+17,24K,CCM,TROY DOWNING FOR CONGRESS,BILLINGS,MT,59104,,,2042026,2500,C00855288,,#N/A,SB23.4725,2000968,,,4.07212E+18
C00457234,#N/A,#N/A,"MARSH & MCLENNAN COMPANIES, INC. POLITICAL ACTION COMMITTEE (MARSH PAC)",B,N,M4,P2026,2.02604E+17,24K,CCM,TROY DOWNING FOR CONGRESS,BILLINGS,MT,591040333,,,3162026,1000,C00855288,H4MT02098,"DOWNING, TROY",50A42A6E224F83D4568,1969657,,,4.06022E+18
C00199703,#N/A,#N/A,GLAXOSMITHKLINE LLC PAC (GSK PAC),B,N,M7,G2026,2.02607E+17,24K,CCM,TROY DOWNING FOR CONGRESS,BILLINGS,MT,591040333,,,6302026,1000,C00855288,H4MT02098,"DOWNING, TROY",2174D96634B33604FA3,1988284,,,4.07142E+18
C00004275,#N/A,#N/A,AMERICAN BANKERS ASSOCIATION PAC (BANKPAC),B,N,M4,G2026,2.02604E+17,24K,CCM,TROY DOWNING FOR CONGRESS,HELENA,MT,59624,,,3312026,2500,C00855288,H4MT02098,"DOWNING, TROY",B36F7E5F2B17F41DFB1F,1969936,,,4.05292E+18
C00004275,#N/A,#N/A,AMERICAN BANKERS ASSOCIATION PAC (BANKPAC),B,N,M4,P2026,2.02604E+17,24K,CCM,TROY DOWNING FOR CONGRESS,HELENA,MT,59624,,,3252026,2500,C00855288,H4MT02098,"DOWNING, TROY",B179D9A3057B8487191D,1969936,,,4.05292E+18
C00005249,#N/A,#N/A,NATIONAL ASSOCIATION OF INSURANCE AND FINANCIAL ADVISORS POLITICAL ACTION COMM,B,N,M7,P2026,2.02607E+17,24K,CCM,TROY DOWNING FOR CONGRESS,BILLINGS,MT,59104,,,6012026,2500,C00855288,H4MT02098,"DOWNING, TROY",22680905,1991006,,,4.07192E+18
C00164145,#N/A,#N/A,UNITED SERVICES AUTOMOBILE ASSOCIATION EMPLOYEE PAC - USAA EMPLOYEE PAC,B,N,M4,G2026,2.02604E+17,24K,CCM,TROY DOWNING FOR CONGRESS,BILLINGS,MT,591040333,,,3172026,3000,C00855288,H4MT02098,"DOWNING, TROY",15C1CB312D8F0D0002D,1968999,,,4.05282E+18
C00303024,#N/A,#N/A,LOCKHEED MARTIN CORPORATION EMPLOYEES' POLITICAL ACTION COMMITTEE,B,N,M4,P2026,2.02604E+17,24K,CCM,TROY DOWNING FOR CONGRESS,BILLINGS,MT,59104,,,3302026,1000,C00855288,H4MT02098,"DOWNING, TROY",91060812,1969951,,2026 PRIMARY,4.05292E+18
C00388827,#N/A,#N/A,ROCKET LIMITED PARTNERSHIP PAC (ROCKET PAC),B,N,M4,G2026,2.02604E+17,24K,CCM,TROY DOWNING FOR CONGRESS,BILLINGS,MT,59104,,,3242026,500,C00855288,H4MT02098,"DOWNING, TROY",B795D96EB6C024C64BDC,1969184,,,4.06022E+18
C00388827,#N/A,#N/A,ROCKET LIMITED PARTNERSHIP PAC (ROCKET PAC),B,N,M4,P2026,2.02604E+17,24K,CCM,TROY DOWNING FOR CONGRESS,BILLINGS,MT,59104,,,3242026,2000,C00855288,H4MT02098,"DOWNING, TROY",BB7EE33FE15B84E12BA2,1969184,,,4.06022E+18
C00002972,#N/A,#N/A,NATIONAL RURAL ELECTRIC COOPERATIVE ASSOCIATION AMERICA'S ELECTRIC COOPERATIVES PAC,B,N,M4,P2026,2.02604E+17,24K,CCM,TROY DOWNING FOR CONGRESS,HELENA,MT,596240322,,,3052026,1000,C00855288,H4MT02098,"DOWNING, TROY",500018259,1969188,,,4.05292E+18
C00440826,#N/A,#N/A,INVESTMENT ADVISER ASSOCIATION POLITICAL ACTION COMMITTEE (IAA-PAC),U,N,Q2,G2026,2.02607E+17,24K,CCM,TROY DOWNING FOR CONGRESS,BILLINGS,MT,59104,,,5182026,1000,C00855288,H4MT02098,"DOWNING, TROY",SB23.6011,1991177,,,4.07192E+18
C00186064,#N/A,#N/A,"FEDERAL BIPARTISAN VOLUNTARY PUBLIC AFFAIRS COMMITTEE OF THE PNC FINANCIAL SERVICES GROUP, INC. (PNC",B,N,M4,G2026,2.02604E+17,24K,CCM,TROY DOWNING FOR CONGRESS,BILLINGS,MT,591040333,,,3312026,5000,C00855288,H4MT02098,"DOWNING, TROY",BE272170CC75740C8B35,1969868,,,4.06012E+18
C00035006,#N/A,#N/A,CHEVRON EMPLOYEES POLITICAL ACTION COMMITTEE - CHEVRON CORPORATION,B,N,M8,G2026,2.02608E+17,24K,CCM,TROY DOWNING FOR CONGRESS,BILLINGS,MT,591040333,,,7132026,1000,C00855288,H4MT02098,"DOWNING, TROY",60886A88EFDFB7FD55C,2004960,,,4.08202E+18
C00165159,#N/A,#N/A,REPUBLICAN MAINSTREET PARTNERSHIP PAC,U,A,M7,G2026,2.02607E+17,24K,CCM,TROY DOWNING FOR CONGRESS,HELENA,MT,59624,,,6042026,1000,C00855288,H4MT02098,"DOWNING, TROY",SB23.156612,1999780,,,4.08012E+18
C00082917,#N/A,#N/A,ASSOCIATED GENERAL CONTRACTORS OF AMERICA POLITICAL ACTION COMMITTEE,B,A,M7,G2026,2.02608E+17,24K,CCM,TROY DOWNING FOR CONGRESS,BILLINGS,MT,59104,,,6162026,2500,C00855288,H4MT02098,"DOWNING, TROY",52397551,2007207,,,4.08182E+18
C00515148,#N/A,#N/A,NORTHERN TRUST CORPORATION FEDERAL POLITICAL ACTION COMMITTEE (NORTHERN TRUST FEDERAL PAC),U,N,Q1,G2025,2.02504E+17,24K,CCM,TROY DOWNING FOR MONTANA,HELENA,MT,59601,,,3182025,1000,C00855288,H4MT02098,"DOWNING, TROY",SB23.5169,1890122,,,4.04252E+18
C00008474,#N/A,#N/A,CITIGROUP INC. PAC - FEDERAL (CITI PAC - FEDERAL),B,N,M10,P2026,2.0251E+17,24K,CCM,TROY DOWNING FOR MONTANA,ALEXANDRIA,VA,22314,,,9042025,2000,C00855288,H4MT02098,"DOWNING, TROY",B907354,1919175,,,4.11252E+18
C00008474,#N/A,#N/A,CITIGROUP INC. PAC - FEDERAL (CITI PAC - FEDERAL),B,N,M7,P2026,2.02507E+17,24K,CCM,TROY DOWNING FOR MONTANA,ALEXANDRIA,VA,22314,,,6122025,2000,C00855288,H4MT02098,"DOWNING, TROY",B902582,1901732,,,4.07152E+18
